Account Length (in months),Local Calls,Local Mins,Intl Calls,Intl Mins,Extra International Charges,Customer Service Calls,Avg Monthly GB Download,Unlimited Data Plan,Extra Data Charges,Age,Under 30,Number of Customers in Group,Monthly Charge,Total Charges,Senior_Flag,Group_Flag,Intl_Active_Flag,Intl_Plan_Flag,Device_Protection_Flag,Contract_Month_to_Month,Contract_One_Year,Contract_Two_Yeat,Payment_Direct_Debit,Payment_Paper_Check,Total_Call_Minutes,Engagement_Score,Avg_Monthly_Spend,Predicted Churn
73,101,292.1,292.0,416.1,0.0,0,8,1,0,75,0,0,23,1698,1,0,1,1,1,0,0,1,1,0,0.0,1.38356164383562,0.315068493150685,1
9,50,100.1,0.0,0.0,0.0,0,2,1,0,79,0,0,21,191,1,0,0,0,0,0,0,1,0,1,100.1,5.55555555555556,2.33333333333333,1
15,28,59.9,60.0,153.0,0.0,0,9,1,0,20,1,5,18,269,0,1,1,1,0,1,0,0,0,0,59.9153,1.86666666666667,1.2,1
13,64,171.4,0.0,0.0,0.0,2,21,1,0,27,1,0,46,602,0,0,0,0,0,1,0,0,1,0,171.4,4.92307692307692,3.53846153846154,1
48,294,665.6,192.0,465.6,0.0,0,0,0,0,76,0,0,9,429,1,0,1,1,0,0,1,0,0,0,0.0,6.125,0.1875,1
4,18,51.6,0.0,0.0,0.0,0,8,1,0,63,0,0,17,65,0,0,0,0,0,0,0,1,0,1,51.6,4.5,4.25,1
49,399,790.8,0.0,0.0,0.0,0,2,0,73,45,0,0,39,1917,0,0,0,0,0,1,0,0,1,0,790.8,8.14285714285714,0.795918367346939,1
4,25,57.0,16.0,34.8,8.7,0,10,1,0,26,1,0,16,65,0,0,1,0,0,1,0,0,0,1,5734.8,6.25,4.0,0
11,30,65.4,44.0,102.3,20.5,0,7,1,0,51,0,0,14,147,0,0,1,0,0,1,0,0,1,0,0.0,2.72727272727273,1.27272727272727,1
26,152,340.3,104.0,257.4,0.0,0,0,0,0,35,0,0,10,263,0,0,1,1,0,0,1,0,0,0,0.0,5.84615384615385,0.384615384615385,1
41,105,327.4,164.0,422.3,105.6,1,5,0,29,68,0,0,37,1521,1,0,1,0,0,0,1,0,1,0,0.0,2.5609756097561,0.902439024390244,1
71,120,285.8,355.0,1057.9,211.6,1,1,1,0,35,0,0,45,3241,0,0,1,0,1,0,0,1,1,0,0.0,1.69014084507042,0.633802816901408,1
41,99,248.2,0.0,0.0,0.0,0,6,0,56,66,0,0,62,2574,1,0,0,0,0,0,1,0,1,0,248.2,2.41463414634146,1.51219512195122,1
7,18,54.7,16.0,42.0,8.4,2,4,1,0,46,0,0,20,134,0,0,1,0,0,1,0,0,0,0,54.742,2.57142857142857,2.85714285714286,1
37,261,593.4,0.0,0.0,0.0,0,2,1,0,50,0,0,39,1450,0,0,0,1,1,0,1,0,1,0,593.4,7.05405405405405,1.05405405405405,1
75,363,821.0,0.0,0.0,0.0,0,5,1,0,37,0,0,38,2799,0,0,0,0,1,0,0,1,1,0,8210.0,4.84,0.506666666666667,1
21,38,104.0,84.0,228.9,114.5,2,0,0,0,69,0,0,8,160,1,0,1,0,0,0,1,0,0,0,104228.9,1.80952380952381,0.380952380952381,0
58,342,876.7,0.0,0.0,0.0,2,1,1,0,77,0,0,57,3305,1,0,0,0,0,0,0,1,1,0,876.7,5.89655172413793,0.982758620689655,1
29,104,259.8,0.0,0.0,0.0,0,2,0,31,34,0,0,29,842,0,0,0,0,0,0,1,0,1,0,259.8,3.58620689655172,1.0,1
17,30,68.4,0.0,0.0,0.0,0,0,1,0,66,0,0,30,511,1,0,0,0,0,1,0,0,1,0,68.4,1.76470588235294,1.76470588235294,1
37,184,515.7,0.0,0.0,0.0,0,0,0,0,23,1,0,10,361,0,0,0,0,0,0,0,1,0,0,515.7,4.97297297297297,0.27027027027027,1
53,101,266.7,0.0,0.0,0.0,1,13,0,99,21,1,0,34,1798,0,0,0,0,0,0,1,0,1,0,266.7,1.90566037735849,0.641509433962264,1
1,4,10.0,0.0,0.0,235.0,5,2,1,0,56,0,0,35,35,0,0,0,0,0,1,0,0,1,0,100.0,4.0,35.0,1
8,13,33.1,72.0,96.0,48.0,0,2,1,0,50,0,0,22,181,0,0,1,0,0,1,0,0,1,0,33.196,1.625,2.75,1
1,3,8.0,0.0,0.0,24.8,1,10,1,0,32,0,0,14,14,0,0,0,0,0,1,0,0,1,0,80.0,3.0,14.0,1
1,3,5.0,9.0,12.6,4.2,0,0,0,0,20,1,0,12,12,0,0,1,0,0,1,0,0,1,0,512.6,3.0,12.0,1
1,3,7.0,0.0,0.0,0.0,0,0,0,0,61,0,0,12,12,0,0,0,0,0,1,0,0,0,0,70.0,3.0,12.0,1
64,396,901.3,384.0,665.6,332.8,0,0,0,0,25,1,0,11,735,0,0,1,0,0,0,0,1,0,0,0.0,6.1875,0.171875,1
8,36,73.7,32.0,101.6,0.0,0,9,1,0,77,0,0,45,368,1,0,1,1,0,1,0,0,1,0,0.0,4.5,5.625,1
1,4,12.0,4.0,10.8,5.4,5,4,1,0,60,0,0,47,47,0,0,1,0,0,1,0,0,1,0,1210.8,4.0,47.0,1
71,176,427.7,0.0,0.0,0.0,1,30,1,0,27,1,2,27,1921,0,1,0,0,1,0,0,1,1,0,427.7,2.47887323943662,0.380281690140845,1
41,211,446.1,0.0,0.0,0.0,1,10,1,0,65,0,2,34,1393,1,1,0,0,1,1,0,0,0,0,446.1,5.14634146341463,0.829268292682927,1
46,261,686.5,0.0,0.0,0.0,0,9,1,0,44,0,0,42,1938,0,0,0,0,0,0,1,0,0,0,686.5,5.67391304347826,0.91304347826087,1
34,179,478.7,0.0,0.0,0.0,0,0,0,0,34,0,6,9,301,0,1,0,0,0,0,1,0,0,0,478.7,5.26470588235294,0.264705882352941,1
33,79,301.4,0.0,0.0,0.0,0,3,0,5,74,0,0,23,773,1,0,0,0,0,0,1,0,1,0,301.4,2.39393939393939,0.696969696969697,1
14,76,193.9,0.0,0.0,0.0,4,2,1,0,68,0,0,35,489,1,0,0,0,0,1,0,0,1,0,193.9,5.42857142857143,2.5,1
26,74,155.2,0.0,0.0,0.0,1,37,1,0,25,1,0,43,1113,0,0,0,0,0,1,0,0,0,0,155.2,2.84615384615385,1.65384615384615,1
2,7,18.0,8.0,24.0,0.0,0,16,0,6,24,1,0,10,21,0,0,1,1,0,1,0,0,0,0,1824.0,3.5,5.0,0
32,152,508.8,0.0,0.0,0.0,0,0,0,0,37,0,2,14,430,0,1,0,0,0,0,0,1,1,0,508.8,4.75,0.4375,1
72,252,720.4,216.0,813.6,271.2,0,5,1,0,39,0,0,19,1344,0,0,1,0,0,0,0,1,1,0,0.0,3.5,0.263888888888889,1
10,40,80.1,0.0,0.0,0.0,0,0,0,0,55,0,0,7,72,0,0,0,0,0,0,1,0,0,0,80.1,4.0,0.7,1
62,141,369.6,0.0,0.0,0.0,0,1,1,0,47,0,0,57,3533,0,0,0,0,1,1,0,0,1,0,369.6,2.2741935483871,0.919354838709677,1
4,19,46.9,0.0,0.0,36.4,2,3,1,0,61,0,0,44,158,0,0,0,0,0,1,0,0,0,0,46.9,4.75,11.0,1
52,124,364.9,0.0,0.0,0.0,0,10,1,0,33,0,0,55,2861,0,0,0,0,1,0,0,1,0,0,364.9,2.38461538461538,1.05769230769231,1
3,6,13.5,3.0,23.4,5.9,0,7,0,4,79,0,0,39,106,1,0,1,0,1,0,1,0,0,0,0.0,2.0,13.0,1
8,16,46.2,32.0,80.8,40.4,0,3,0,41,60,0,0,38,291,0,0,1,0,0,1,0,0,1,0,0.0,2.0,4.75,1
3,6,15.4,12.0,33.9,6.8,0,0,0,0,47,0,6,9,29,0,1,1,0,0,1,0,0,0,0,0.0,2.0,3.0,1
5,15,54.8,0.0,0.0,0.0,0,0,0,0,71,0,0,10,53,1,0,0,0,0,0,0,1,1,0,54.8,3.0,2.0,1
17,130,276.5,0.0,0.0,0.0,1,8,1,0,50,0,0,35,601,0,0,0,0,1,0,1,0,0,1,276.5,7.64705882352941,2.05882352941176,1
24,151,366.8,0.0,0.0,149.2,3,3,1,0,47,0,0,35,866,0,0,0,0,1,1,0,0,1,0,366.8,6.29166666666667,1.45833333333333,1
8,16,47.6,56.0,117.6,58.8,0,0,0,0,23,1,0,11,88,0,0,1,0,0,1,0,0,0,0,0.0,2.0,1.375,1
21,46,144.7,84.0,207.9,0.0,3,0,0,0,37,0,0,8,162,0,0,1,1,0,0,1,0,0,0,0.0,2.19047619047619,0.380952380952381,1
62,228,686.4,248.0,737.8,0.0,0,4,1,0,46,0,0,23,1426,0,0,1,1,1,0,0,1,0,0,0.0,3.67741935483871,0.370967741935484,1
48,140,338.5,192.0,475.2,237.6,2,8,1,0,46,0,0,45,2190,0,0,1,0,1,0,1,0,1,0,0.0,2.91666666666667,0.9375,1
1,8,16.0,3.0,6.8,1.4,0,5,1,0,53,0,0,55,55,0,0,1,0,0,1,0,0,0,0,166.8,8.0,55.0,1
2,6,15.7,8.0,17.2,8.6,4,5,1,0,36,0,0,26,52,0,0,1,0,0,1,0,0,0,0,0.0,3.0,13.0,1
57,207,568.0,0.0,0.0,0.0,0,23,0,78,29,1,0,30,1688,0,0,0,0,1,0,0,1,1,0,5680.0,3.63157894736842,0.526315789473684,1
24,71,141.1,0.0,0.0,0.0,0,11,1,0,27,1,0,19,436,0,0,0,0,0,0,0,1,0,0,141.1,2.95833333333333,0.791666666666667,1
71,266,705.9,0.0,0.0,0.0,0,5,1,0,74,0,0,45,3161,1,0,0,0,0,0,1,0,1,0,705.9,3.74647887323944,0.633802816901408,1
15,79,190.0,0.0,0.0,0.0,2,7,1,0,20,1,0,39,576,0,0,0,0,1,1,0,0,1,0,1900.0,5.26666666666667,2.6,1
6,32,72.2,0.0,0.0,0.0,0,0,0,0,37,0,4,6,33,0,1,0,0,0,0,1,0,0,0,72.2,5.33333333333333,1.0,1
56,209,389.6,0.0,0.0,0.0,0,7,1,0,58,0,0,42,2324,0,0,0,0,1,0,0,1,1,0,389.6,3.73214285714286,0.75,1
12,24,47.2,0.0,0.0,0.0,4,4,1,0,74,0,0,39,459,1,0,0,0,0,1,0,0,1,0,47.2,2.0,3.25,1
49,166,491.5,196.0,431.2,215.6,0,2,1,0,82,0,0,64,3128,1,0,1,0,1,0,0,1,0,0,0.0,3.38775510204082,1.30612244897959,1
27,57,134.2,9.0,7.1,1.8,5,12,1,0,56,0,0,62,1655,0,0,1,0,0,0,1,0,1,0,0.0,2.11111111111111,2.2962962962963,1
8,38,97.5,0.0,0.0,0.0,2,0,0,0,39,0,0,7,60,0,0,0,0,0,0,1,0,0,1,97.5,4.75,0.875,1
48,208,576.8,0.0,0.0,0.0,0,5,1,0,60,0,0,36,1740,0,0,0,0,0,1,0,0,0,1,576.8,4.33333333333333,0.75,1
36,206,466.5,144.0,309.6,0.0,0,2,1,0,75,0,0,48,1723,1,0,1,1,0,1,0,0,1,0,0.0,5.72222222222222,1.33333333333333,1
38,148,266.6,152.0,216.6,72.2,0,10,1,0,33,0,6,20,761,0,1,1,0,0,1,0,0,1,0,0.0,3.89473684210526,0.526315789473684,1
23,85,234.7,0.0,0.0,0.0,0,0,0,0,47,0,5,8,192,0,1,0,0,0,0,0,1,1,0,234.7,3.69565217391304,0.347826086956522,1
67,319,802.2,0.0,0.0,0.0,0,6,1,0,72,0,0,45,3038,1,0,0,0,0,1,0,0,0,1,802.2,4.76119402985075,0.671641791044776,1
71,256,707.6,0.0,0.0,0.0,0,2,0,63,37,0,0,57,4038,0,0,0,0,1,0,1,0,1,0,707.6,3.6056338028169,0.802816901408451,1
16,73,164.3,48.0,132.8,0.0,2,3,1,0,36,0,0,45,747,0,0,1,1,1,0,1,0,1,0,0.0,4.5625,2.8125,1
47,212,662.8,0.0,0.0,0.0,0,1,1,0,62,0,0,28,1334,0,0,0,0,0,0,0,1,0,0,662.8,4.51063829787234,0.595744680851064,1
40,114,401.3,0.0,0.0,0.0,0,8,1,0,69,0,0,40,1601,1,0,0,0,0,0,0,1,1,0,401.3,2.85,1.0,1
26,107,264.8,0.0,0.0,0.0,0,0,0,0,29,1,0,10,274,0,0,0,0,0,0,1,0,1,0,264.8,4.11538461538461,0.384615384615385,1
24,67,241.3,0.0,0.0,0.0,1,2,1,0,36,0,0,40,976,0,0,0,0,0,1,0,0,1,0,241.3,2.79166666666667,1.66666666666667,1
70,405,1049.0,0.0,0.0,0.0,0,0,0,0,28,1,2,9,622,0,1,0,0,0,0,0,1,1,0,10490.0,5.78571428571429,0.128571428571429,1
64,401,967.2,0.0,0.0,0.0,0,20,0,27,25,1,4,30,1933,0,1,0,0,1,0,0,1,0,0,967.2,6.265625,0.46875,1
1,5,16.0,0.0,0.0,0.0,2,6,1,0,81,0,0,31,31,1,0,0,1,0,1,0,0,1,0,160.0,5.0,31.0,1
48,88,237.6,0.0,0.0,0.0,0,0,0,0,23,1,2,8,400,0,1,0,0,0,0,0,1,0,0,237.6,1.83333333333333,0.166666666666667,1
23,105,348.6,23.0,285.2,0.0,0,5,1,0,43,0,0,16,364,0,0,1,1,0,0,0,1,0,0,0.0,4.56521739130435,0.695652173913043,1
69,186,554.9,276.0,1048.8,0.0,0,2,1,0,63,0,0,25,1754,0,0,1,1,1,0,0,1,1,0,0.0,2.69565217391304,0.36231884057971,1
11,17,42.4,0.0,0.0,0.0,4,0,0,0,45,0,0,15,154,0,0,0,1,0,1,0,0,0,0,42.4,1.54545454545455,1.36363636363636,1
3,4,11.7,12.0,44.4,22.2,1,0,0,0,32,0,0,8,25,0,0,1,0,0,1,0,0,0,1,0.0,1.33333333333333,2.66666666666667,1
23,97,326.3,0.0,0.0,0.0,0,6,1,0,59,0,2,21,484,0,1,0,0,0,0,1,0,1,0,326.3,4.21739130434783,0.91304347826087,1
62,211,621.1,0.0,0.0,0.0,1,21,1,0,25,1,0,76,4730,0,0,0,0,1,0,1,0,1,0,621.1,3.40322580645161,1.2258064516129,1
58,159,690.6,0.0,0.0,0.0,0,2,1,0,34,0,0,34,1968,0,0,0,0,1,0,0,1,0,0,690.6,2.74137931034483,0.586206896551724,1
11,27,85.0,16.0,57.2,19.1,3,8,1,0,66,0,5,38,398,1,1,1,0,0,1,0,0,1,0,8557.2,2.45454545454545,3.45454545454545,1
26,112,385.0,78.0,208.0,0.0,0,0,0,0,40,0,0,9,224,0,0,1,1,0,0,1,0,0,0,385208.0,4.30769230769231,0.346153846153846,0
4,10,25.1,0.0,0.0,0.0,2,5,1,0,46,0,0,26,108,0,0,0,0,0,1,0,0,0,1,25.1,2.5,6.5,1
61,489,983.4,0.0,0.0,0.0,0,0,0,0,57,0,3,9,575,0,1,0,0,0,0,0,1,0,1,983.4,8.01639344262295,0.147540983606557,1
6,34,90.8,12.0,40.2,20.1,1,5,0,6,34,0,0,28,171,0,0,1,0,0,1,0,0,1,0,0.0,5.66666666666667,4.66666666666667,1
41,157,454.2,0.0,0.0,0.0,0,30,1,0,21,1,4,32,1337,0,1,0,0,0,1,0,0,1,0,454.2,3.82926829268293,0.780487804878049,1
4,26,60.9,0.0,0.0,0.0,0,5,1,0,42,0,0,50,202,0,0,0,0,0,1,0,0,1,0,60.9,6.5,12.5,1
5,9,20.4,20.0,51.0,0.0,2,5,1,0,62,0,0,25,125,0,0,1,1,0,1,0,0,1,0,20.451,1.8,5.0,1
2,10,29.8,0.0,0.0,0.0,2,0,0,0,49,0,0,7,18,0,0,0,0,0,1,0,0,1,0,29.8,5.0,3.5,1
1,5,14.0,3.0,13.3,2.7,0,7,0,5,40,0,0,25,25,0,0,1,0,0,1,0,0,1,0,1413.3,5.0,25.0,1
49,256,635.2,0.0,0.0,0.0,0,14,1,0,48,0,0,60,2910,0,0,0,0,1,0,0,1,0,0,635.2,5.22448979591837,1.22448979591837,1
1,5,16.0,1.0,13.2,6.6,4,0,0,0,67,0,0,10,10,1,0,1,0,0,1,0,0,1,0,1613.2,5.0,10.0,1
17,65,154.5,0.0,0.0,0.0,2,4,1,0,61,0,0,17,292,0,0,0,0,0,1,0,0,0,1,154.5,3.82352941176471,1.0,1
51,104,308.2,0.0,0.0,0.0,3,8,1,0,20,1,0,32,1648,0,0,0,0,1,0,0,1,0,0,308.2,2.03921568627451,0.627450980392157,1
1,5,11.0,4.0,13.3,3.3,5,37,1,0,29,1,0,16,16,0,0,1,0,0,1,0,0,0,1,1113.3,5.0,16.0,1
5,19,52.5,0.0,0.0,0.0,0,6,1,0,50,0,6,16,75,0,1,0,0,0,1,0,0,1,0,52.5,3.8,3.2,1
2,7,12.6,0.0,0.0,0.0,0,5,1,0,43,0,0,36,76,0,0,0,1,0,1,0,0,1,0,12.6,3.5,18.0,1
47,259,420.6,188.0,300.8,60.2,0,12,1,0,21,1,3,26,1203,0,1,1,0,0,0,0,1,1,0,0.0,5.51063829787234,0.553191489361702,1
29,94,233.2,116.0,237.8,59.5,2,3,1,0,34,0,0,37,1079,0,0,1,0,0,1,0,0,0,0,0.0,3.24137931034483,1.27586206896552,1
7,38,106.7,21.0,72.8,0.0,0,4,1,0,72,0,0,35,234,1,0,1,1,0,1,0,0,0,0,0.0,5.42857142857143,5.0,1
66,182,461.1,0.0,0.0,0.0,0,4,1,0,42,0,2,42,2768,0,1,0,0,1,0,0,1,0,0,461.1,2.75757575757576,0.636363636363636,1
60,152,297.8,240.0,648.0,129.6,0,3,1,0,42,0,0,37,2177,0,0,1,0,0,0,1,0,0,0,297.8648,2.53333333333333,0.616666666666667,1
73,161,435.4,0.0,0.0,0.0,0,0,0,0,32,0,2,6,470,0,1,0,0,0,0,0,1,0,0,435.4,2.20547945205479,0.0821917808219178,1
20,39,120.9,0.0,0.0,0.0,0,0,0,0,46,0,5,10,205,0,1,0,0,0,1,0,0,0,0,120.9,1.95,0.5,1
71,116,284.6,284.0,915.9,0.0,0,7,1,0,53,0,0,47,3310,0,0,1,1,1,0,0,1,0,0,0.0,1.63380281690141,0.661971830985915,1
25,43,100.7,150.0,215.0,107.5,0,0,0,0,61,0,0,11,284,0,0,1,0,0,1,0,0,1,0,100.7215,1.72,0.44,1
61,80,244.3,0.0,0.0,0.0,1,0,0,0,60,0,6,9,576,0,1,0,0,0,0,0,1,0,0,244.3,1.31147540983607,0.147540983606557,1
1,10,22.6,0.0,0.0,0.0,1,0,0,0,21,1,0,10,14,0,0,0,1,0,1,0,0,0,1,22.6,10.0,10.0,1
20,195,281.5,120.0,202.0,0.0,0,0,0,0,29,1,2,13,259,0,1,1,1,0,0,0,1,0,0,281.5202,9.75,0.65,1
5,26,60.1,0.0,0.0,0.0,0,0,0,0,26,1,0,9,44,0,0,0,0,0,0,0,1,0,0,60.1,5.2,1.8,1
3,7,23.3,21.0,33.9,6.8,0,6,1,0,31,0,0,18,46,0,0,1,0,1,1,0,0,0,0,0.0,2.33333333333333,6.0,1
35,75,172.9,105.0,315.0,78.8,0,7,1,0,24,1,0,29,1016,0,0,1,0,1,0,0,1,0,0,172.9315,2.14285714285714,0.828571428571429,1
50,124,349.2,0.0,0.0,0.0,1,0,0,0,59,0,2,10,509,0,1,0,0,0,0,0,1,0,0,349.2,2.48,0.2,1
68,140,405.7,0.0,0.0,0.0,0,0,0,0,51,0,5,8,569,0,1,0,0,0,0,0,1,1,0,405.7,2.05882352941176,0.117647058823529,1
2,8,14.4,0.0,0.0,0.0,0,4,1,0,40,0,0,16,29,0,0,0,1,0,1,0,0,0,0,14.4,4.0,8.0,1
39,152,464.3,0.0,0.0,0.0,0,3,1,0,37,0,0,31,1198,0,0,0,0,1,0,1,0,0,0,464.3,3.8974358974359,0.794871794871795,1
7,46,95.3,81.0,77.4,15.5,2,9,1,0,67,0,0,54,368,1,0,1,0,1,1,0,0,1,0,0.0,6.57142857142857,7.71428571428571,1
3,12,29.1,12.0,36.9,12.3,2,1,1,0,68,0,0,30,86,1,0,1,0,0,1,0,0,1,0,0.0,4.0,10.0,1
63,138,317.1,0.0,0.0,0.0,0,18,1,0,29,1,0,54,3412,0,0,0,0,1,0,1,0,0,0,317.1,2.19047619047619,0.857142857142857,1
68,299,616.0,0.0,0.0,0.0,0,6,1,0,51,0,2,28,1936,0,1,0,0,1,0,0,1,0,0,6160.0,4.39705882352941,0.411764705882353,1
70,364,700.8,280.0,518.0,0.0,0,5,1,0,34,0,6,17,1221,0,1,1,1,0,0,1,0,1,0,700.8518,5.2,0.242857142857143,1
71,284,707.6,0.0,0.0,0.0,0,4,1,0,54,0,0,36,2518,0,0,0,0,1,0,0,1,0,0,707.6,4.0,0.507042253521127,1
63,211,505.5,0.0,0.0,0.0,0,9,1,0,48,0,0,60,3797,0,0,0,0,1,1,0,0,1,0,505.5,3.34920634920635,0.952380952380952,1
46,145,325.3,0.0,0.0,0.0,0,0,0,0,60,0,0,13,616,0,0,0,0,0,0,0,1,0,0,325.3,3.15217391304348,0.282608695652174,1
5,6,20.4,0.0,0.0,22.4,2,4,1,0,52,0,0,57,291,0,0,0,0,1,1,0,0,1,0,20.4,1.2,11.4,1
45,87,226.4,0.0,0.0,0.0,0,15,1,0,54,0,0,28,1274,0,0,0,0,0,1,0,0,1,0,226.4,1.93333333333333,0.622222222222222,1
4,20,52.0,12.0,41.2,10.3,2,4,1,0,68,0,0,19,75,1,0,1,0,0,1,0,0,1,0,5241.2,5.0,4.75,0
2,10,19.6,0.0,0.0,0.0,0,2,0,5,35,0,0,15,29,0,0,0,0,0,1,0,0,1,0,19.6,5.0,7.5,1
66,204,397.9,0.0,0.0,0.0,0,3,0,16,62,0,0,35,2351,0,0,0,0,1,0,0,1,0,0,397.9,3.09090909090909,0.53030303030303,1
1,2,6.0,4.0,8.3,4.2,2,9,1,0,44,0,0,39,39,0,0,1,0,0,1,0,0,0,0,68.3,2.0,39.0,1
73,115,291.5,0.0,0.0,0.0,0,7,1,0,69,0,0,53,3880,1,0,0,0,1,0,0,1,0,0,291.5,1.57534246575342,0.726027397260274,1
16,50,128.8,128.0,190.4,38.1,2,0,0,0,49,0,0,9,140,0,0,1,0,0,1,0,0,0,1,0.0,3.125,0.5625,1
2,4,11.1,0.0,0.0,0.0,2,2,0,7,35,0,0,33,61,0,0,0,0,0,1,0,0,1,0,11.1,2.0,16.5,1
22,94,238.5,0.0,0.0,0.0,1,4,0,18,51,0,5,13,277,0,1,0,0,0,1,0,0,1,0,238.5,4.27272727272727,0.590909090909091,1
24,56,120.6,96.0,261.6,65.4,1,0,0,0,54,0,6,10,250,0,1,1,0,0,0,1,0,1,0,0.0,2.33333333333333,0.416666666666667,1
4,18,42.3,0.0,0.0,0.0,4,36,1,0,20,1,0,43,181,0,0,0,0,0,1,0,0,1,0,42.3,4.5,10.75,1
19,62,174.7,76.0,210.9,42.2,0,6,1,0,46,0,2,20,383,0,1,1,0,1,1,0,0,1,0,0.0,3.26315789473684,1.05263157894737,1
15,48,103.5,296.0,777.0,259.0,4,4,1,0,73,0,0,36,534,1,0,1,0,0,1,0,0,1,0,103.5777,3.2,2.4,1
70,363,835.7,210.0,847.0,211.8,0,30,1,0,23,1,5,52,3650,0,1,1,0,1,0,1,0,1,0,835.7847,5.18571428571429,0.742857142857143,1
2,8,20.9,0.0,0.0,0.0,0,4,0,7,76,0,0,55,104,1,0,0,0,1,0,1,0,0,0,20.9,4.0,27.5,1
63,84,313.7,0.0,0.0,0.0,0,4,1,0,33,0,0,40,2535,0,0,0,0,0,0,1,0,0,0,313.7,1.33333333333333,0.634920634920635,1
27,117,355.8,54.0,194.4,38.9,0,0,0,0,60,0,0,12,325,0,0,1,0,0,0,1,0,0,0,0.0,4.33333333333333,0.444444444444444,1
35,135,175.2,0.0,0.0,0.0,2,6,1,0,35,0,0,46,1621,0,0,0,0,0,1,0,0,1,0,175.2,3.85714285714286,1.31428571428571,1
26,94,342.1,0.0,0.0,0.0,0,9,1,0,73,0,0,21,558,1,0,0,0,1,0,1,0,0,0,342.1,3.61538461538462,0.807692307692308,1
56,245,786.5,112.0,655.2,0.0,0,9,1,0,32,0,6,23,1277,0,1,1,1,0,0,0,1,0,0,0.0,4.375,0.410714285714286,1
67,368,1003.0,0.0,0.0,0.0,0,0,0,0,68,0,0,10,674,1,0,0,0,0,0,0,1,0,0,10030.0,5.49253731343284,0.149253731343284,1
11,61,148.6,44.0,49.5,0.0,2,1,1,0,58,0,0,57,609,0,0,1,1,1,1,0,0,1,0,0.0,5.54545454545455,5.18181818181818,1
33,119,230.5,231.0,376.2,75.2,1,6,1,0,53,0,0,59,1952,0,0,1,0,1,0,1,0,1,0,0.0,3.60606060606061,1.78787878787879,1
66,393,1053.6,0.0,0.0,0.0,0,7,1,0,49,0,0,41,2731,0,0,0,0,1,0,0,1,0,0,1053.6,5.95454545454545,0.621212121212121,1
73,286,870.1,365.0,773.8,193.5,0,19,0,19,46,0,2,52,3755,0,1,1,0,1,0,0,1,1,0,0.0,3.91780821917808,0.712328767123288,1
64,94,254.4,0.0,0.0,0.0,0,5,1,0,76,0,0,60,3811,1,0,0,0,1,0,0,1,1,0,254.4,1.46875,0.9375,1
31,57,152.5,124.0,418.5,0.0,0,0,0,0,58,0,3,8,236,0,1,1,1,0,0,0,1,0,0,0.0,1.83870967741935,0.258064516129032,0
1,2,6.0,0.0,0.0,0.0,3,5,0,3,78,0,0,37,37,1,0,0,0,0,1,0,0,1,0,60.0,2.0,37.0,1
59,102,236.8,295.0,542.8,135.7,0,10,0,5,67,0,0,32,1872,1,0,1,0,0,0,0,1,1,0,0.0,1.72881355932203,0.542372881355932,1
50,142,401.8,0.0,0.0,0.0,0,7,1,0,48,0,5,23,1159,0,1,0,0,0,0,0,1,0,0,401.8,2.84,0.46,1
36,235,399.0,0.0,0.0,0.0,0,9,1,0,65,0,0,11,410,1,0,0,0,0,0,0,1,1,0,3990.0,6.52777777777778,0.305555555555556,1
67,202,402.3,268.0,515.9,258.0,0,0,0,0,23,1,0,10,655,0,0,1,0,0,0,1,0,1,0,0.0,3.01492537313433,0.149253731343284,1
2,3,6.4,0.0,0.0,0.0,0,6,1,0,35,0,0,34,55,0,0,0,0,0,1,0,0,0,0,6.4,1.5,17.0,1
20,105,284.1,0.0,0.0,0.0,0,1,1,0,72,0,0,69,1404,1,0,0,0,0,0,1,0,1,0,284.1,5.25,3.45,1
10,65,163.6,40.0,149.0,0.0,2,19,0,16,50,0,2,12,124,0,1,1,1,0,0,1,0,0,0,163.6149,6.5,1.2,1
13,71,131.7,0.0,0.0,0.0,0,1,1,0,78,0,0,32,420,1,0,0,0,1,0,0,1,1,0,131.7,5.46153846153846,2.46153846153846,1
28,97,279.6,112.0,389.2,194.6,3,0,0,0,65,0,0,16,461,1,0,1,0,0,0,0,1,0,0,0.0,3.46428571428571,0.571428571428571,1
1,7,15.0,4.0,13.9,2.8,0,1,1,0,48,0,0,39,39,0,0,1,0,0,1,0,0,1,0,1513.9,7.0,39.0,1
1,7,14.0,3.0,6.0,3.0,0,0,0,0,30,0,0,8,8,0,0,1,0,0,1,0,0,0,0,146.0,7.0,8.0,1
2,7,18.3,0.0,0.0,0.0,0,3,0,4,36,0,0,39,72,0,0,0,0,0,1,0,0,0,0,18.3,3.5,19.5,1
72,560,1151.2,0.0,0.0,0.0,0,8,1,0,54,0,0,72,5180,0,0,0,0,1,0,0,1,0,0,1151.2,7.77777777777778,1.0,1
3,6,16.8,0.0,0.0,0.0,0,4,1,0,42,0,2,19,52,0,1,0,0,0,1,0,0,0,1,16.8,2.0,6.33333333333333,1
5,14,57.1,20.0,65.5,32.8,0,24,1,0,32,0,0,32,168,0,0,1,0,0,0,1,0,0,0,0.0,2.8,6.4,1
2,7,21.4,0.0,0.0,0.0,0,7,1,0,34,0,0,29,52,0,0,0,0,0,1,0,0,1,0,21.4,3.5,14.5,1
6,26,68.0,24.0,67.2,33.6,3,3,1,0,49,0,0,29,166,0,0,1,0,0,1,0,0,1,0,6867.2,4.33333333333333,4.83333333333333,0
59,105,237.7,144.0,432.0,108.0,1,8,0,23,37,0,0,48,2859,0,0,1,0,1,0,1,0,1,0,237.7432,1.77966101694915,0.813559322033898,1
24,227,362.2,0.0,0.0,0.0,0,7,0,37,61,0,0,30,732,0,0,0,0,1,1,0,0,1,0,362.2,9.45833333333333,1.25,1
33,123,227.5,132.0,491.7,163.9,0,24,1,0,32,0,0,42,1358,0,0,1,0,0,0,1,0,1,0,0.0,3.72727272727273,1.27272727272727,1
1,4,13.0,4.0,9.7,2.4,0,2,1,0,49,0,0,20,20,0,0,1,0,0,1,0,0,1,0,139.7,4.0,20.0,1
60,210,537.5,0.0,0.0,0.0,0,0,0,0,62,0,0,13,754,0,0,0,0,0,0,0,1,0,0,537.5,3.5,0.216666666666667,1
35,55,139.7,0.0,0.0,0.0,0,8,1,0,27,1,0,27,955,0,0,0,0,1,1,0,0,0,0,139.7,1.57142857142857,0.771428571428571,1
32,129,284.7,160.0,409.6,204.8,2,19,0,80,48,0,2,42,1321,0,1,1,0,0,1,0,0,1,0,0.0,4.03125,1.3125,1
8,25,70.4,0.0,0.0,0.0,0,0,0,0,32,0,0,8,61,0,0,0,0,0,1,0,0,0,0,70.4,3.125,1.0,1
38,93,306.8,0.0,0.0,0.0,0,25,1,0,66,0,3,39,1507,1,1,0,0,1,0,1,0,1,0,306.8,2.44736842105263,1.02631578947368,1
18,35,89.5,0.0,0.0,0.0,0,0,0,0,27,1,0,12,218,0,0,0,0,0,0,1,0,1,0,89.5,1.94444444444444,0.666666666666667,1
52,243,679.9,0.0,0.0,0.0,0,11,1,0,35,0,0,34,1763,0,0,0,0,1,0,0,1,1,0,679.9,4.67307692307692,0.653846153846154,1
60,84,239.1,0.0,0.0,0.0,0,5,0,59,58,0,6,29,1724,0,1,0,0,1,0,1,0,0,0,239.1,1.4,0.483333333333333,1
31,168,462.9,0.0,0.0,0.0,0,0,0,0,25,1,2,6,192,0,1,0,0,0,0,1,0,1,0,462.9,5.41935483870968,0.193548387096774,1
25,58,201.4,0.0,0.0,0.0,0,3,1,0,35,0,0,18,455,0,0,0,0,0,1,0,0,1,0,201.4,2.32,0.72,1
1,5,14.0,0.0,0.0,0.0,0,0,0,0,27,1,5,6,6,0,1,0,0,0,1,0,0,1,0,140.0,5.0,6.0,1
57,266,685.4,513.0,689.7,0.0,0,3,1,0,85,0,0,62,3537,1,0,1,1,1,0,0,1,1,0,0.0,4.66666666666667,1.08771929824561,1
46,76,184.1,0.0,0.0,0.0,0,0,0,0,37,0,0,12,547,0,0,0,0,0,0,0,1,0,0,184.1,1.65217391304348,0.260869565217391,1
1,3,8.0,0.0,0.0,0.0,3,13,1,0,29,1,3,13,13,0,1,0,0,0,1,0,0,1,0,80.0,3.0,13.0,1
11,36,89.9,44.0,163.9,41.0,0,0,0,0,59,0,0,15,169,0,0,1,0,0,0,1,0,0,0,0.0,3.27272727272727,1.36363636363636,1
71,166,426.4,0.0,0.0,0.0,0,0,0,0,63,0,3,8,592,0,1,0,0,0,0,0,1,1,0,426.4,2.33802816901408,0.112676056338028,1
1,3,7.0,0.0,0.0,0.0,0,0,0,0,56,0,0,7,7,0,0,0,0,0,1,0,0,0,0,70.0,3.0,7.0,1
28,81,199.4,56.0,372.4,74.5,0,4,1,0,77,0,0,45,1271,1,0,1,0,0,0,0,1,0,0,0.0,2.89285714285714,1.60714285714286,1
70,121,279.2,280.0,441.0,220.5,0,9,1,0,21,1,0,38,2679,0,0,1,0,1,0,0,1,1,0,279.2441,1.72857142857143,0.542857142857143,1
51,274,505.2,0.0,0.0,0.0,0,1,0,38,59,0,0,57,2858,0,0,0,0,1,0,0,1,0,0,505.2,5.37254901960784,1.11764705882353,1
43,121,298.7,0.0,0.0,0.0,2,3,1,0,75,0,0,65,2790,1,0,0,1,1,1,0,0,1,0,298.7,2.81395348837209,1.51162790697674,1
21,92,255.5,0.0,0.0,0.0,0,0,0,0,66,0,0,12,247,1,0,0,0,0,0,0,1,0,0,255.5,4.38095238095238,0.571428571428571,1
3,6,14.4,0.0,0.0,0.0,3,26,1,0,25,1,0,32,91,0,0,0,1,0,1,0,0,0,0,14.4,2.0,10.6666666666667,1
21,129,247.4,0.0,0.0,0.0,0,8,1,0,59,0,0,39,808,0,0,0,0,1,0,1,0,0,1,247.4,6.14285714285714,1.85714285714286,1
2,10,22.0,8.0,25.2,0.0,2,0,0,0,60,0,0,9,16,0,0,1,1,0,1,0,0,0,0,2225.2,5.0,4.5,0
11,41,109.8,84.0,277.2,92.4,1,10,1,0,44,0,0,24,259,0,0,1,0,0,1,0,0,1,0,0.0,3.72727272727273,2.18181818181818,1
1,4,10.0,3.0,9.0,0.0,5,5,0,0,64,0,0,50,50,0,0,1,1,0,1,0,0,1,0,109.0,4.0,50.0,1
10,32,91.9,0.0,0.0,0.0,0,0,0,0,47,0,2,7,75,0,1,0,0,0,1,0,0,1,0,91.9,3.2,0.7,1
2,6,17.9,8.0,26.4,5.3,0,0,0,0,62,0,0,9,18,0,0,1,0,0,1,0,0,0,0,0.0,3.0,4.5,1
32,64,129.6,160.0,323.2,64.6,0,0,0,0,38,0,2,9,276,0,1,1,0,0,0,0,1,0,0,0.0,2.0,0.28125,1
36,100,252.9,180.0,421.2,105.3,0,6,1,0,82,0,2,31,1133,1,1,1,0,0,0,1,0,1,0,0.0,2.77777777777778,0.861111111111111,1
24,44,94.3,0.0,0.0,0.0,2,9,0,39,71,0,0,19,443,1,0,0,0,0,0,0,1,0,0,94.3,1.83333333333333,0.791666666666667,1
11,86,128.5,44.0,136.4,27.3,0,8,0,50,39,0,0,34,363,0,0,1,0,0,1,0,0,0,0,0.0,7.81818181818182,3.09090909090909,1
50,284,599.0,200.0,555.0,185.0,0,3,1,0,71,0,0,39,1966,1,0,1,0,1,0,0,1,0,0,599555.0,5.68,0.78,0
25,109,275.2,0.0,0.0,0.0,0,5,1,0,37,0,0,17,431,0,0,0,0,1,1,0,0,0,0,275.2,4.36,0.68,1
32,184,446.5,0.0,0.0,0.0,0,5,1,0,62,0,0,30,956,0,0,0,0,0,1,0,0,1,0,446.5,5.75,0.9375,1
21,83,250.3,0.0,0.0,0.0,0,26,1,0,25,1,0,29,604,0,0,0,0,0,1,0,0,0,0,250.3,3.95238095238095,1.38095238095238,1
3,20,42.7,12.0,41.7,10.4,2,6,1,0,68,0,0,37,113,1,0,1,0,0,1,0,0,1,0,0.0,6.66666666666667,12.3333333333333,1
53,149,319.1,0.0,0.0,0.0,3,10,1,0,22,1,0,51,2724,0,0,0,0,0,0,1,0,0,0,319.1,2.81132075471698,0.962264150943396,1
63,336,824.1,189.0,617.4,123.5,0,0,0,0,43,0,0,15,948,0,0,1,0,0,0,0,1,0,0,0.0,5.33333333333333,0.238095238095238,1
49,323,728.1,0.0,0.0,0.0,1,7,1,0,22,1,0,26,1239,0,0,0,0,0,0,0,1,0,0,728.1,6.59183673469388,0.530612244897959,1
68,371,820.4,0.0,0.0,0.0,0,27,1,0,66,0,5,50,3408,1,1,0,0,0,1,0,0,0,0,820.4,5.45588235294118,0.735294117647059,1
63,185,440.3,0.0,0.0,0.0,0,0,0,0,40,0,4,12,778,0,1,0,0,0,0,1,0,0,0,440.3,2.93650793650794,0.19047619047619,1
19,86,174.4,57.0,148.2,37.1,0,0,0,0,68,0,0,11,208,1,0,1,0,0,0,0,1,0,0,0.0,4.52631578947368,0.578947368421053,1
62,328,557.3,186.0,613.8,153.5,0,27,1,0,75,0,5,39,2438,1,1,1,0,0,0,1,0,1,0,0.0,5.29032258064516,0.629032258064516,1
44,122,307.5,176.0,475.2,95.0,0,8,1,0,53,0,0,47,2043,0,0,1,0,1,1,0,0,0,0,0.0,2.77272727272727,1.06818181818182,1
9,21,44.6,0.0,0.0,0.0,0,2,1,0,57,0,0,59,529,0,0,0,0,0,1,0,0,1,0,44.6,2.33333333333333,6.55555555555556,1
10,46,105.6,0.0,0.0,0.0,0,2,1,0,51,0,0,27,262,0,0,0,0,0,0,1,0,0,0,105.6,4.6,2.7,1
53,117,264.8,0.0,0.0,0.0,0,3,1,0,78,0,0,43,2291,1,0,0,0,0,1,0,0,1,0,264.8,2.20754716981132,0.811320754716981,1
48,274,666.8,0.0,0.0,0.0,0,6,1,0,34,0,0,61,2899,0,0,0,0,1,1,0,0,1,0,666.8,5.70833333333333,1.27083333333333,1
54,318,543.6,0.0,0.0,0.0,0,0,0,0,30,0,6,7,360,0,1,0,0,0,1,0,0,0,0,543.6,5.88888888888889,0.12962962962963,1
57,83,229.2,171.0,410.4,0.0,0,5,1,0,61,0,0,30,1738,0,0,1,1,1,0,1,0,0,0,0.0,1.45614035087719,0.526315789473684,1
11,40,113.0,0.0,0.0,0.0,0,5,1,0,83,0,0,37,419,1,0,0,0,0,0,0,1,0,0,1130.0,3.63636363636364,3.36363636363636,1
60,99,241.8,240.0,678.0,339.0,0,0,0,0,51,0,0,12,738,0,0,1,0,0,0,0,1,1,0,241.8678,1.65,0.2,1
1,2,7.0,0.0,0.0,0.0,0,35,1,0,26,1,0,52,52,0,0,0,0,0,1,0,0,1,0,70.0,2.0,52.0,1
2,8,18.2,0.0,0.0,0.0,0,6,1,0,54,0,0,49,89,0,0,0,0,0,1,0,0,0,0,18.2,4.0,24.5,1
73,320,1162.9,0.0,0.0,0.0,0,4,1,0,42,0,0,36,2600,0,0,0,0,1,0,0,1,1,0,1162.9,4.38356164383562,0.493150684931507,1
74,255,812.3,296.0,688.2,0.0,0,0,0,0,53,0,0,8,600,0,0,1,1,0,0,1,0,1,0,0.0,3.44594594594595,0.108108108108108,1
5,12,28.3,0.0,0.0,0.0,3,3,1,0,65,0,0,44,208,1,0,0,0,0,1,0,0,1,0,28.3,2.4,8.8,1
13,74,181.9,0.0,0.0,0.0,0,2,1,0,45,0,0,17,216,0,0,0,0,1,1,0,0,1,0,181.9,5.69230769230769,1.30769230769231,1
57,183,458.9,114.0,695.4,173.9,0,2,1,0,64,0,0,38,2170,0,0,1,0,1,0,1,0,1,0,0.0,3.21052631578947,0.666666666666667,1
54,158,432.0,0.0,0.0,0.0,0,4,1,0,37,0,2,31,1697,0,1,0,0,0,0,1,0,0,0,4320.0,2.92592592592593,0.574074074074074,1
54,105,325.4,216.0,340.2,113.4,0,0,0,0,43,0,5,9,490,0,1,1,0,0,0,1,0,1,0,0.0,1.94444444444444,0.166666666666667,1
41,178,409.5,120.0,285.0,57.0,3,7,1,0,71,0,0,37,1497,1,0,1,0,0,0,1,0,0,0,409.5285,4.34146341463415,0.902439024390244,1
34,102,302.2,0.0,0.0,0.0,0,4,1,0,62,0,0,37,1229,0,0,0,0,0,0,1,0,1,0,302.2,3.0,1.08823529411765,1
71,149,282.9,0.0,0.0,0.0,0,10,1,0,33,0,0,36,2579,0,0,0,0,1,0,0,1,1,0,282.9,2.09859154929577,0.507042253521127,1
59,214,648.7,236.0,820.1,273.4,0,8,1,0,58,0,2,45,2657,0,1,1,0,1,0,0,1,1,0,0.0,3.6271186440678,0.76271186440678,1
2,6,13.8,8.0,24.8,6.2,0,1,1,0,56,0,0,33,57,0,0,1,0,0,1,0,0,1,0,0.0,3.0,16.5,1
3,12,35.3,15.0,39.0,0.0,4,29,1,0,33,0,0,40,108,0,0,1,1,1,1,0,0,0,0,35.339,4.0,13.3333333333333,1
1,4,10.0,0.0,0.0,0.0,5,0,0,0,61,0,0,11,11,0,0,0,1,0,1,0,0,1,0,100.0,4.0,11.0,1
22,51,108.9,0.0,0.0,0.0,0,9,0,60,80,0,0,43,938,1,0,0,0,1,0,0,1,1,0,108.9,2.31818181818182,1.95454545454545,1
23,152,372.8,92.0,177.1,44.3,0,5,1,0,61,0,0,45,1057,0,0,1,0,1,1,0,0,0,0,0.0,6.60869565217391,1.95652173913043,1
17,115,265.7,0.0,0.0,0.0,0,2,1,0,34,0,0,49,812,0,0,0,0,0,1,0,0,1,0,265.7,6.76470588235294,2.88235294117647,1
55,92,220.1,220.0,671.0,167.8,0,5,1,0,82,0,0,48,2662,1,0,1,0,1,0,0,1,1,0,220.1671,1.67272727272727,0.872727272727273,1
1,1,4.0,14.0,86.8,43.4,4,2,1,0,51,0,0,16,16,0,0,1,0,0,1,0,0,1,0,486.8,1.0,16.0,1
70,313,912.6,0.0,0.0,0.0,0,43,1,0,25,1,0,35,2426,0,0,0,0,1,0,1,0,1,0,912.6,4.47142857142857,0.5,1
58,173,464.5,0.0,0.0,0.0,0,0,0,0,52,0,3,12,722,0,1,0,0,0,0,0,1,1,0,464.5,2.98275862068966,0.206896551724138,1
12,20,47.4,0.0,0.0,0.0,0,0,0,0,40,0,2,11,125,0,1,0,0,0,0,1,0,0,0,47.4,1.66666666666667,0.916666666666667,1
10,14,48.3,40.0,122.0,61.0,0,3,0,27,42,0,0,31,303,0,0,1,0,0,1,0,0,1,0,48.3122,1.4,3.1,1
3,9,25.9,0.0,0.0,0.0,0,4,1,0,65,0,3,26,76,1,1,0,0,0,1,0,0,1,0,25.9,3.0,8.66666666666667,1
70,336,697.2,0.0,0.0,0.0,0,0,0,0,62,0,0,16,1112,0,0,0,0,0,0,0,1,0,0,697.2,4.8,0.228571428571429,1
8,55,131.2,3.0,9.9,3.3,3,21,1,0,28,1,0,62,510,0,0,1,0,0,1,0,0,1,0,0.0,6.875,7.75,1
1,5,13.0,4.0,9.8,2.0,5,0,0,0,33,0,0,8,8,0,0,1,0,0,1,0,0,0,1,139.8,5.0,8.0,1
13,86,194.2,39.0,133.9,44.6,0,4,1,0,38,0,0,36,471,0,0,1,0,0,0,1,0,0,0,0.0,6.61538461538461,2.76923076923077,1
28,220,455.1,0.0,0.0,0.0,0,8,0,75,66,0,0,38,1093,1,0,0,0,1,1,0,0,1,0,455.1,7.85714285714286,1.35714285714286,1
2,11,32.4,0.0,0.0,0.0,0,10,1,0,36,0,4,20,40,0,1,0,0,0,1,0,0,1,0,32.4,5.5,10.0,1
2,9,19.4,0.0,0.0,0.0,4,17,1,0,29,1,0,33,71,0,0,0,0,0,1,0,0,1,0,19.4,4.5,16.5,1
8,38,112.5,32.0,114.4,0.0,0,0,0,0,60,0,0,8,61,0,0,1,1,0,1,0,0,1,0,0.0,4.75,1.0,1
11,52,137.3,0.0,0.0,0.0,1,3,1,0,58,0,0,43,449,0,0,0,0,0,0,1,0,0,0,137.3,4.72727272727273,3.90909090909091,1
22,65,153.6,0.0,0.0,0.0,0,1,1,0,37,0,0,15,326,0,0,0,0,0,0,0,1,0,0,153.6,2.95454545454545,0.681818181818182,1
1,3,9.0,0.0,0.0,0.0,0,0,1,0,48,0,0,48,48,0,0,0,1,1,1,0,0,1,0,90.0,3.0,48.0,1
27,125,322.4,108.0,321.3,107.1,0,21,1,0,25,1,0,41,1112,0,0,1,0,0,1,0,0,1,0,0.0,4.62962962962963,1.51851851851852,1
31,200,470.3,0.0,0.0,0.0,0,11,1,0,69,0,0,26,824,1,0,0,0,1,0,1,0,0,0,470.3,6.45161290322581,0.838709677419355,1
19,97,209.7,0.0,0.0,0.0,0,9,1,0,65,0,0,31,585,1,0,0,0,0,1,0,0,0,0,209.7,5.10526315789474,1.63157894736842,1
30,120,384.7,90.0,447.0,223.5,0,6,1,0,30,0,2,34,1004,0,1,1,0,1,1,0,0,1,0,384.7447,4.0,1.13333333333333,1
11,18,44.7,0.0,0.0,0.0,0,15,1,0,53,0,4,28,308,0,1,0,0,0,1,0,0,0,1,44.7,1.63636363636364,2.54545454545455,1
55,296,656.4,0.0,0.0,0.0,0,1,1,0,81,0,0,9,480,1,0,0,0,0,1,0,0,1,0,656.4,5.38181818181818,0.163636363636364,1
59,289,648.8,0.0,0.0,0.0,1,4,1,0,38,0,0,59,3485,0,0,0,0,1,0,1,0,0,0,648.8,4.89830508474576,1.0,1
50,155,545.0,0.0,0.0,0.0,0,21,0,21,21,1,0,34,1688,0,0,0,0,0,1,0,0,0,0,5450.0,3.1,0.68,1
73,226,586.4,219.0,532.9,106.6,0,0,0,0,55,0,0,9,671,0,0,1,0,0,0,0,1,1,0,0.0,3.0958904109589,0.123287671232877,1
14,36,71.3,0.0,0.0,0.0,0,0,0,0,39,0,2,7,95,0,1,0,0,0,1,0,0,0,0,71.3,2.57142857142857,0.5,1
56,373,782.1,168.0,660.8,165.2,0,4,1,0,67,0,0,34,1875,1,0,1,0,1,0,0,1,0,1,0.0,6.66071428571429,0.607142857142857,1
64,262,766.5,0.0,0.0,0.0,0,4,1,0,41,0,3,37,2357,0,1,0,0,0,0,0,1,1,0,766.5,4.09375,0.578125,1
54,235,752.0,162.0,426.6,0.0,0,13,1,0,37,0,0,28,1518,0,0,1,1,1,0,1,0,1,0,752426.6,4.35185185185185,0.518518518518518,0
2,7,20.0,56.0,155.4,51.8,2,4,1,0,82,0,0,46,85,1,0,1,0,0,1,0,0,1,0,20155.4,3.5,23.0,0
70,417,974.8,210.0,707.0,353.5,0,14,0,45,47,0,2,47,3249,0,1,1,0,1,0,0,1,0,0,974.8707,5.95714285714286,0.671428571428571,1
1,2,5.0,4.0,11.0,2.8,1,29,1,0,54,0,4,7,7,0,1,1,0,0,1,0,0,1,0,511.0,2.0,7.0,1
73,555,1099.9,146.0,927.1,309.0,1,18,0,8,24,1,0,46,3382,0,0,1,0,0,0,0,1,0,0,0.0,7.6027397260274,0.63013698630137,1
67,105,268.0,0.0,0.0,0.0,0,5,1,0,46,0,0,27,1820,0,0,0,0,1,0,0,1,0,0,2680.0,1.56716417910448,0.402985074626866,1
54,274,649.2,0.0,0.0,0.0,0,1,1,0,76,0,0,35,1920,1,0,0,0,1,0,1,0,1,0,649.2,5.07407407407407,0.648148148148148,1
16,123,230.1,0.0,0.0,0.0,2,9,1,0,34,0,0,43,699,0,0,0,1,0,1,0,0,1,0,230.1,7.6875,2.6875,1
66,125,463.7,0.0,0.0,0.0,0,2,1,0,64,0,0,61,4062,0,0,0,0,0,0,1,0,1,0,463.7,1.89393939393939,0.924242424242424,1
63,240,759.3,0.0,0.0,0.0,0,9,1,0,75,0,0,61,3851,1,0,0,0,0,1,0,0,1,0,759.3,3.80952380952381,0.968253968253968,1
62,107,247.3,0.0,0.0,0.0,0,5,1,0,71,0,0,56,3488,1,0,0,0,1,0,0,1,1,0,247.3,1.7258064516129,0.903225806451613,1
1,6,15.0,4.0,12.1,4.0,0,18,1,0,22,1,0,19,19,0,0,1,0,0,1,0,0,0,1,1512.1,6.0,19.0,0
13,39,115.6,0.0,0.0,0.0,0,2,1,0,58,0,0,34,441,0,0,0,0,0,1,0,0,1,0,115.6,3.0,2.61538461538462,1
15,84,226.6,60.0,129.0,64.5,0,4,1,0,61,0,4,24,366,0,1,1,0,1,1,0,0,1,0,226.6129,5.6,1.6,1
44,96,218.6,0.0,0.0,0.0,0,12,1,0,28,1,0,12,517,0,0,0,0,0,1,0,0,0,0,218.6,2.18181818181818,0.272727272727273,1
61,150,365.8,244.0,622.2,0.0,0,7,0,3,69,0,0,47,2857,1,0,1,1,0,0,1,0,1,0,0.0,2.45901639344262,0.770491803278688,1
2,8,22.9,14.0,5.8,2.9,0,0,0,0,36,0,0,9,17,0,0,1,0,0,1,0,0,0,0,0.0,4.0,4.5,1
30,176,362.0,0.0,0.0,0.0,0,9,1,0,60,0,6,51,1548,0,1,0,0,1,1,0,0,1,0,3620.0,5.86666666666667,1.7,1
6,22,63.7,0.0,0.0,0.0,0,2,1,0,55,0,0,30,189,0,0,0,0,0,1,0,0,0,0,63.7,3.66666666666667,5.0,1
37,133,336.5,0.0,0.0,0.0,0,0,0,0,51,0,2,12,432,0,1,0,0,0,0,0,1,0,0,336.5,3.59459459459459,0.324324324324324,1
60,399,846.2,0.0,0.0,0.0,0,3,1,0,53,0,0,58,3533,0,0,0,0,0,0,0,1,1,0,846.2,6.65,0.966666666666667,1
17,80,182.3,68.0,248.2,124.1,0,0,0,0,65,0,0,10,161,1,0,1,0,0,0,1,0,1,0,0.0,4.70588235294118,0.588235294117647,1
9,45,117.7,36.0,91.8,18.4,1,2,1,0,84,0,0,21,189,1,0,1,0,0,1,0,0,1,0,0.0,5.0,2.33333333333333,1
72,176,359.3,0.0,0.0,0.0,0,11,1,0,49,0,2,33,2404,0,1,0,0,1,0,0,1,1,0,359.3,2.44444444444444,0.458333333333333,1
51,172,253.0,0.0,0.0,0.0,2,8,1,0,46,0,0,67,3371,0,0,0,1,1,1,0,0,1,0,2530.0,3.37254901960784,1.31372549019608,1
63,249,564.3,0.0,0.0,0.0,0,6,1,0,51,0,0,27,1699,0,0,0,0,0,0,0,1,1,0,564.3,3.95238095238095,0.428571428571429,1
20,123,285.1,0.0,0.0,0.0,0,6,1,0,39,0,0,72,1462,0,0,0,0,1,1,0,0,1,0,285.1,6.15,3.6,1
68,408,883.2,0.0,0.0,0.0,4,26,1,0,28,1,0,47,3176,0,0,0,1,1,1,0,0,0,0,883.2,6.0,0.691176470588235,1
71,142,352.5,0.0,0.0,0.0,2,3,1,0,42,0,5,45,3202,0,1,0,0,1,0,0,1,0,0,352.5,2.0,0.633802816901408,1
1,2,6.0,4.0,13.7,2.7,0,11,1,0,41,0,0,17,17,0,0,1,0,0,1,0,0,0,0,613.7,2.0,17.0,1
74,268,589.3,0.0,0.0,0.0,1,8,1,0,62,0,0,66,4853,0,0,0,0,1,0,0,1,1,0,589.3,3.62162162162162,0.891891891891892,1
21,85,300.4,84.0,121.8,40.6,1,2,1,0,68,0,0,36,773,1,0,1,0,1,1,0,0,1,0,0.0,4.04761904761905,1.71428571428571,1
1,3,6.0,4.0,11.1,2.2,4,15,0,4,22,1,0,39,39,0,0,1,0,0,1,0,0,1,0,611.1,3.0,39.0,1
65,301,582.1,0.0,0.0,0.0,3,18,1,0,29,1,0,61,3957,0,0,0,0,0,1,0,0,1,0,582.1,4.63076923076923,0.938461538461538,1
58,223,526.3,116.0,458.2,114.6,1,0,0,0,30,0,0,11,614,0,0,1,0,0,0,0,1,0,0,0.0,3.8448275862069,0.189655172413793,1
60,254,657.3,0.0,0.0,0.0,2,0,0,0,84,0,0,12,712,1,0,0,0,0,0,0,1,1,0,657.3,4.23333333333333,0.2,1
70,163,421.0,280.0,917.0,0.0,1,0,0,0,30,0,2,10,704,0,1,1,1,0,0,0,1,0,0,421917.0,2.32857142857143,0.142857142857143,0
13,60,161.5,52.0,144.3,28.9,0,0,0,0,60,0,0,7,101,0,0,1,0,0,0,0,1,0,0,0.0,4.61538461538461,0.538461538461538,1
52,430,838.8,260.0,379.6,75.9,3,6,1,0,78,0,0,26,1368,1,0,1,0,1,1,0,0,1,0,0.0,8.26923076923077,0.5,1
37,59,148.2,111.0,407.0,81.4,2,0,0,0,45,0,3,10,369,0,1,1,0,0,0,0,1,1,0,148.2407,1.59459459459459,0.27027027027027,1
44,181,486.9,0.0,0.0,0.0,2,4,1,0,72,0,0,50,2234,1,0,0,0,0,0,1,0,0,0,486.9,4.11363636363636,1.13636363636364,1
1,5,12.0,2.0,10.9,2.2,5,3,1,0,85,0,0,26,26,1,0,1,0,0,1,0,0,1,0,1210.9,5.0,26.0,1
5,25,71.9,20.0,82.5,16.5,1,20,1,0,25,1,0,40,193,0,0,1,0,0,1,0,0,1,0,0.0,5.0,8.0,1
20,50,118.1,80.0,150.0,50.0,0,1,1,0,53,0,0,36,704,0,0,1,0,0,0,1,0,0,0,118.115,2.5,1.8,1
32,48,159.1,0.0,0.0,0.0,0,3,1,0,32,0,0,36,1137,0,0,0,0,0,1,0,0,0,0,159.1,1.5,1.125,1
12,56,159.3,0.0,0.0,0.0,0,9,1,0,32,0,0,13,161,0,0,0,0,0,1,0,0,1,0,159.3,4.66666666666667,1.08333333333333,1
3,7,21.7,4.0,9.7,4.9,5,6,1,0,62,0,0,34,106,0,0,1,0,0,1,0,0,0,0,0.0,2.33333333333333,11.3333333333333,1
2,11,37.4,6.0,19.2,6.4,2,0,0,0,48,0,0,14,35,0,0,1,0,0,1,0,0,0,0,0.0,5.5,7.0,1
1,6,12.0,5.0,9.6,3.2,0,0,0,0,46,0,0,13,13,0,0,1,0,0,1,0,0,0,0,129.6,6.0,13.0,1
15,80,166.2,0.0,0.0,0.0,0,8,1,0,64,0,0,25,383,0,0,0,0,1,0,1,0,0,0,166.2,5.33333333333333,1.66666666666667,1
1,3,12.0,31.76523,50.824368,10.7,0,4,0,12,85,0,0,45,45,1,0,1,0,1,1,0,0,1,0,1250.824368,3.0,45.0,1
57,200,573.4,0.0,0.0,0.0,2,1,1,0,41,0,0,39,2217,0,0,0,0,1,1,0,0,1,0,573.4,3.50877192982456,0.684210526315789,1
16,28,78.5,64.0,145.6,36.4,0,16,1,0,21,1,0,47,731,0,0,1,0,0,1,0,0,0,0,0.0,1.75,2.9375,1
1,4,11.0,0.0,0.0,0.0,0,0,0,0,63,0,0,10,10,0,0,0,0,0,1,0,0,1,0,110.0,4.0,10.0,1
33,129,265.8,33.0,442.2,110.6,0,0,0,0,64,0,2,10,321,0,1,1,0,0,0,0,1,0,0,0.0,3.90909090909091,0.303030303030303,1
15,57,147.8,0.0,0.0,55.6,4,7,1,0,40,0,0,47,690,0,0,0,0,0,1,0,0,1,0,147.8,3.8,3.13333333333333,1
7,37,62.2,0.0,0.0,0.0,0,24,1,0,20,1,4,17,121,0,1,0,0,0,1,0,0,0,0,62.2,5.28571428571429,2.42857142857143,1
64,249,514.2,256.0,921.6,0.0,0,5,1,0,48,0,0,37,2374,0,0,1,1,1,0,1,0,0,0,0.0,3.890625,0.578125,1
72,161,361.6,0.0,0.0,0.0,2,1,1,0,60,0,0,32,2332,0,0,0,0,1,0,0,1,1,0,361.6,2.23611111111111,0.444444444444444,1
21,52,123.9,21.0,149.1,49.7,1,0,0,0,48,0,0,9,193,0,0,1,0,0,0,0,1,0,0,0.0,2.47619047619048,0.428571428571429,1
2,8,20.6,8.0,22.6,7.5,2,4,1,0,76,0,0,15,26,1,0,1,0,0,1,0,0,1,0,0.0,4.0,7.5,1
9,45,103.8,36.0,104.4,20.9,1,6,0,25,49,0,0,19,163,0,0,1,0,1,1,0,0,0,0,0.0,5.0,2.11111111111111,1
1,4,11.0,36.0,97.2,48.6,2,4,1,0,67,0,0,50,50,1,0,1,0,0,1,0,0,1,0,1197.2,4.0,50.0,1
26,61,182.1,0.0,0.0,0.0,3,3,1,0,50,0,0,56,1465,0,0,0,0,0,1,0,0,1,0,182.1,2.34615384615385,2.15384615384615,1
28,203,443.6,0.0,0.0,0.0,0,0,0,0,39,0,0,8,229,0,0,0,0,0,0,1,0,0,0,443.6,7.25,0.285714285714286,1
5,25,60.3,0.0,0.0,0.0,0,20,1,0,22,1,6,8,46,0,1,0,0,0,1,0,0,1,0,60.3,5.0,1.6,1
1,5,12.0,144.0,453.6,90.7,0,5,1,0,51,0,0,25,25,0,0,1,0,0,1,0,0,1,0,12453.6,5.0,25.0,0
14,58,127.3,0.0,0.0,0.0,0,7,1,0,48,0,0,35,502,0,0,0,0,0,1,0,0,1,0,127.3,4.14285714285714,2.5,1
33,66,230.3,0.0,0.0,0.0,0,6,1,0,32,0,0,65,2135,0,0,0,0,1,1,0,0,1,0,230.3,2.0,1.96969696969697,1
53,322,791.7,212.0,757.9,151.6,0,4,0,67,61,0,0,23,1231,0,0,1,0,0,1,0,0,0,0,0.0,6.07547169811321,0.433962264150943,1
50,152,454.4,0.0,0.0,0.0,0,4,1,0,37,0,0,42,2099,0,0,0,1,1,0,1,0,0,0,454.4,3.04,0.84,1
49,313,735.7,196.0,735.0,147.0,4,0,1,0,64,0,0,38,1856,0,0,1,0,0,1,0,0,1,0,735.7735,6.38775510204082,0.775510204081633,1
14,61,129.6,0.0,0.0,0.0,0,0,0,0,43,0,0,7,99,0,0,0,0,0,0,0,1,0,1,129.6,4.35714285714286,0.5,1
1,2,7.0,176.0,264.0,52.8,4,6,1,0,34,0,0,16,16,0,0,1,0,0,1,0,0,1,0,7264.0,2.0,16.0,0
13,120,202.4,0.0,0.0,0.0,2,4,1,0,61,0,0,15,208,0,0,0,0,0,1,0,0,0,1,202.4,9.23076923076923,1.15384615384615,1
44,212,577.7,0.0,0.0,0.0,2,9,1,0,25,1,0,48,2152,0,0,0,0,0,1,0,0,1,0,577.7,4.81818181818182,1.09090909090909,1
3,7,19.7,0.0,0.0,0.0,0,35,1,0,22,1,4,27,76,0,1,0,0,1,1,0,0,0,0,19.7,2.33333333333333,9.0,1
10,46,102.7,0.0,0.0,0.0,0,4,1,0,34,0,0,32,331,0,0,0,0,1,1,0,0,1,0,102.7,4.6,3.2,1
1,2,4.0,4.0,10.8,5.4,2,1,1,0,41,0,0,38,38,0,0,1,0,0,1,0,0,1,0,410.8,2.0,38.0,1
33,96,261.4,0.0,0.0,0.0,4,15,1,0,25,1,0,49,1597,0,0,0,0,1,1,0,0,0,0,261.4,2.90909090909091,1.48484848484848,1
52,306,573.2,0.0,0.0,0.0,1,14,1,0,23,1,4,14,750,0,1,0,0,0,0,0,1,1,0,573.2,5.88461538461539,0.269230769230769,1
39,168,463.3,117.0,452.4,90.5,0,12,1,0,26,1,4,39,1492,0,1,1,0,1,0,0,1,1,0,0.0,4.30769230769231,1.0,1
33,223,364.0,231.0,349.8,70.0,1,6,0,21,55,0,0,47,1561,0,0,1,0,0,1,0,0,1,0,364349.8,6.75757575757576,1.42424242424242,0
47,145,374.1,0.0,0.0,0.0,0,2,0,23,49,0,0,30,1425,0,0,0,0,1,0,1,0,0,0,374.1,3.08510638297872,0.638297872340426,1
38,323,614.0,190.0,410.4,205.2,1,0,0,0,39,0,4,7,251,0,1,1,0,0,0,0,1,0,0,614410.4,8.5,0.184210526315789,0
15,82,236.8,0.0,0.0,0.0,0,30,1,0,19,1,3,31,457,0,1,0,0,1,1,0,0,1,0,236.8,5.46666666666667,2.06666666666667,1
31,67,156.5,0.0,0.0,0.0,0,3,1,0,51,0,0,38,1203,0,0,0,0,1,0,1,0,1,0,156.5,2.16129032258065,1.2258064516129,1
26,57,156.7,208.0,174.2,87.1,1,0,0,0,69,0,0,9,242,1,0,1,0,0,0,1,0,0,0,0.0,2.19230769230769,0.346153846153846,1
31,172,343.2,0.0,0.0,0.0,0,4,1,0,60,0,0,31,981,0,0,0,0,1,0,1,0,1,0,343.2,5.54838709677419,1.0,1
29,96,293.6,0.0,0.0,0.0,0,4,1,0,72,0,0,36,1051,1,0,0,0,0,0,0,1,1,0,293.6,3.31034482758621,1.24137931034483,1
35,167,456.2,140.0,423.5,141.2,0,5,1,0,25,1,0,21,733,0,0,1,0,0,0,0,1,1,0,0.0,4.77142857142857,0.6,1
29,90,146.5,0.0,0.0,0.0,2,9,1,0,43,0,0,13,370,0,0,0,0,0,1,0,0,1,0,146.5,3.10344827586207,0.448275862068966,1
18,50,127.3,0.0,0.0,0.0,1,2,1,0,60,0,0,53,956,0,0,0,0,1,1,0,0,0,0,127.3,2.77777777777778,2.94444444444444,1
22,42,109.9,0.0,0.0,0.0,0,0,0,0,21,1,0,10,212,0,0,0,0,0,0,0,1,0,0,109.9,1.90909090909091,0.454545454545455,1
7,60,99.3,0.0,0.0,0.0,1,3,1,0,69,0,0,46,323,1,0,0,0,0,1,0,0,0,0,99.3,8.57142857142857,6.57142857142857,1
56,263,506.1,0.0,0.0,0.0,5,3,1,0,46,0,3,29,1608,0,1,0,0,0,1,0,0,0,0,506.1,4.69642857142857,0.517857142857143,1
39,210,509.7,0.0,0.0,0.0,0,0,0,0,68,0,3,7,270,1,1,0,0,0,0,0,1,0,0,509.7,5.38461538461539,0.179487179487179,1
10,41,111.7,0.0,0.0,0.0,0,8,1,0,37,0,0,20,206,0,0,0,0,0,1,0,0,0,0,111.7,4.1,2.0,1
1,4,15.0,0.0,0.0,0.0,4,11,1,0,66,0,0,21,21,1,0,0,0,0,1,0,0,0,1,150.0,4.0,21.0,1
6,37,83.8,24.0,63.0,31.5,3,20,1,0,27,1,0,16,90,0,0,1,0,1,1,0,0,0,0,83.863,6.16666666666667,2.66666666666667,1
44,165,573.1,0.0,0.0,0.0,0,10,1,0,47,0,0,44,1947,0,0,0,0,1,1,0,0,1,0,573.1,3.75,1.0,1
74,567,1179.8,296.0,784.4,261.5,0,27,1,0,61,0,6,23,1688,0,1,1,0,1,0,1,0,1,0,0.0,7.66216216216216,0.310810810810811,1
50,159,352.3,4.0,12.7,2.5,0,3,1,0,63,0,0,33,1651,0,0,1,0,0,1,0,0,1,0,0.0,3.18,0.66,1
1,3,8.0,4.0,13.2,2.6,1,0,0,0,67,0,0,13,13,1,0,1,0,0,1,0,0,0,0,813.2,3.0,13.0,1
69,408,824.9,276.0,572.7,190.9,0,6,1,0,45,0,0,29,2024,0,0,1,0,0,0,0,1,0,0,0.0,5.91304347826087,0.420289855072464,1
3,8,22.7,0.0,0.0,0.0,0,2,1,0,45,0,0,30,86,0,0,0,0,0,1,0,0,1,0,22.7,2.66666666666667,10.0,1
38,174,378.4,0.0,0.0,0.0,0,38,1,0,57,0,2,35,1332,0,1,0,0,1,0,1,0,1,0,378.4,4.57894736842105,0.921052631578947,1
47,271,560.2,0.0,0.0,0.0,0,1,0,0,65,0,0,14,641,1,0,0,0,0,0,1,0,1,0,560.2,5.76595744680851,0.297872340425532,1
1,4,10.0,4.0,12.1,6.1,0,12,1,0,75,0,0,65,65,1,0,1,0,1,1,0,0,1,0,1012.1,4.0,65.0,1
30,207,388.8,120.0,471.0,0.0,0,8,1,0,41,0,0,37,1106,0,0,1,1,1,0,1,0,0,0,388.8471,6.9,1.23333333333333,1
59,372,824.5,236.0,737.5,368.8,2,3,1,0,65,0,0,54,3151,1,0,1,0,1,1,0,0,1,0,0.0,6.30508474576271,0.915254237288136,1
67,291,809.2,134.0,676.7,225.6,0,29,1,0,23,1,0,43,2925,0,0,1,0,1,0,1,0,0,1,0.0,4.34328358208955,0.641791044776119,1
71,508,1069.6,142.0,454.4,151.5,1,1,1,0,72,0,0,69,4893,1,0,1,0,1,0,0,1,1,0,0.0,7.15492957746479,0.971830985915493,1
5,39,75.4,20.0,43.5,8.7,3,7,1,0,35,0,5,26,125,0,1,1,0,0,1,0,0,0,0,0.0,7.8,5.2,1
1,2,4.0,28.0,99.4,49.7,1,1,1,0,53,0,0,40,40,0,0,1,0,1,1,0,0,1,0,499.4,2.0,40.0,1
28,205,367.2,28.0,277.2,55.4,0,0,0,0,41,0,5,11,301,0,1,1,0,0,0,0,1,0,0,0.0,7.32142857142857,0.392857142857143,1
2,9,19.0,8.0,25.6,5.1,0,0,0,0,61,0,0,8,13,0,0,1,0,0,1,0,0,0,0,1925.6,4.5,4.0,0
44,291,699.5,0.0,0.0,0.0,0,1,1,0,77,0,0,26,1151,1,0,0,0,0,0,0,1,1,0,699.5,6.61363636363636,0.590909090909091,1
1,6,11.0,0.0,0.0,0.0,0,2,0,24,58,0,0,12,12,0,0,0,0,0,1,0,0,0,0,110.0,6.0,12.0,1
55,225,662.6,0.0,0.0,0.0,0,8,1,0,58,0,4,20,1098,0,1,0,0,1,0,1,0,0,0,662.6,4.09090909090909,0.363636363636364,1
73,231,656.0,0.0,0.0,0.0,1,8,1,0,61,0,0,28,2045,0,0,0,0,1,0,0,1,0,0,6560.0,3.16438356164384,0.383561643835616,1
62,188,560.2,0.0,0.0,0.0,2,12,1,0,34,0,5,27,1671,0,1,0,0,0,1,0,0,0,0,560.2,3.03225806451613,0.435483870967742,1
44,205,478.7,0.0,0.0,0.0,0,6,1,0,70,0,0,21,920,1,0,0,0,1,1,0,0,1,0,478.7,4.65909090909091,0.477272727272727,1
9,32,78.2,0.0,0.0,0.0,0,6,1,0,30,0,0,19,167,0,0,0,0,0,0,1,0,0,0,78.2,3.55555555555556,2.11111111111111,1
9,29,84.2,36.0,114.3,22.9,2,2,1,0,48,0,5,17,155,0,1,1,0,1,1,0,0,0,0,0.0,3.22222222222222,1.88888888888889,1
66,437,993.9,0.0,0.0,0.0,0,15,1,0,21,1,0,54,3577,0,0,0,0,1,0,0,1,1,0,993.9,6.62121212121212,0.818181818181818,1
1,4,13.0,4.0,9.7,4.9,0,30,1,0,22,1,4,37,37,0,1,1,0,0,1,0,0,1,0,139.7,4.0,37.0,1
19,102,191.7,95.0,193.8,38.8,3,7,1,0,67,0,0,31,598,1,0,1,0,1,1,0,0,0,0,0.0,5.36842105263158,1.63157894736842,1
10,44,119.1,40.0,94.0,18.8,2,4,1,0,56,0,0,43,430,0,0,1,0,0,1,0,0,1,0,119.194,4.4,4.3,1
46,192,553.7,184.0,510.6,102.1,1,6,1,0,40,0,3,29,1354,0,1,1,0,1,0,0,1,0,0,0.0,4.17391304347826,0.630434782608696,1
34,131,274.9,0.0,0.0,0.0,2,5,1,0,39,0,4,19,659,0,1,0,0,1,0,1,0,0,0,274.9,3.85294117647059,0.558823529411765,1
8,36,114.0,0.0,0.0,42.7,0,1,1,0,70,0,0,37,303,1,0,0,0,0,1,0,0,1,0,1140.0,4.5,4.625,1
72,115,358.3,144.0,1008.0,252.0,0,5,1,0,51,0,0,50,3586,0,0,1,0,1,0,1,0,1,0,358.31008,1.59722222222222,0.694444444444444,1
70,153,349.5,0.0,0.0,0.0,1,4,1,0,62,0,0,46,3237,0,0,0,0,1,0,0,1,0,0,349.5,2.18571428571429,0.657142857142857,1
30,54,119.2,0.0,0.0,0.0,2,1,1,0,63,0,0,54,1616,0,0,0,0,1,1,0,0,1,0,119.2,1.8,1.8,1
14,45,100.6,126.0,200.2,50.1,2,0,0,0,51,0,0,9,130,0,0,1,0,0,1,0,0,1,0,0.0,3.21428571428571,0.642857142857143,1
55,275,766.3,220.0,627.0,0.0,1,13,1,0,40,0,6,42,2280,0,1,1,1,1,0,0,1,1,0,766.3627,5.0,0.763636363636364,1
54,69,216.4,0.0,0.0,0.0,5,1,1,0,47,0,0,51,2771,0,0,0,0,1,0,1,0,0,0,216.4,1.27777777777778,0.944444444444444,1
62,240,617.4,0.0,0.0,0.0,0,19,1,0,41,0,4,41,2528,0,1,0,0,1,0,1,0,1,0,617.4,3.87096774193548,0.661290322580645,1
16,68,196.6,0.0,0.0,0.0,2,15,1,0,51,0,0,16,255,0,0,0,0,1,1,0,0,0,0,196.6,4.25,1.0,1
24,56,168.7,96.0,189.6,63.2,2,15,1,0,63,0,0,38,907,0,0,1,0,0,1,0,0,1,0,0.0,2.33333333333333,1.58333333333333,1
34,144,335.9,0.0,0.0,0.0,0,8,1,0,37,0,6,20,660,0,1,0,0,1,0,1,0,0,1,335.9,4.23529411764706,0.588235294117647,1
65,483,977.1,260.0,299.0,59.8,0,3,1,0,41,0,0,41,2675,0,0,1,0,1,0,0,1,1,0,977.1299,7.43076923076923,0.630769230769231,1
1,6,14.0,4.0,14.2,0.0,1,0,0,0,43,0,0,12,12,0,0,1,1,0,1,0,0,0,0,1414.2,6.0,12.0,0
54,288,806.7,216.0,653.4,130.7,0,6,1,0,36,0,0,56,2988,0,0,1,0,0,0,1,0,1,0,0.0,5.33333333333333,1.03703703703704,1
11,34,101.8,0.0,0.0,0.0,2,3,1,0,58,0,0,28,313,0,0,0,0,1,1,0,0,1,0,101.8,3.09090909090909,2.54545454545455,1
47,188,568.4,0.0,0.0,0.0,0,0,0,0,27,1,2,7,330,0,1,0,0,0,0,1,0,0,0,568.4,4.0,0.148936170212766,1
41,149,449.4,0.0,0.0,0.0,1,0,0,0,39,0,0,12,482,0,0,0,0,0,0,1,0,0,0,449.4,3.63414634146341,0.292682926829268,1
70,325,836.5,0.0,0.0,0.0,0,13,1,0,29,1,0,71,4921,0,0,0,0,1,0,0,1,1,0,836.5,4.64285714285714,1.01428571428571,1
61,153,427.4,244.0,671.0,0.0,0,2,1,0,59,0,0,43,2625,0,0,1,1,1,0,0,1,1,0,427.4671,2.50819672131148,0.704918032786885,1
8,19,49.3,140.0,612.5,204.2,3,0,0,0,60,0,0,7,56,0,0,1,0,0,1,0,0,0,1,0.0,2.375,0.875,0
2,5,10.2,6.0,23.0,5.8,1,8,1,0,34,0,0,48,82,0,0,1,0,1,1,0,0,1,0,10.223,2.5,24.0,1
15,37,88.0,60.0,160.5,40.1,0,7,1,0,30,0,5,25,372,0,1,1,0,1,0,1,0,0,0,88160.5,2.46666666666667,1.66666666666667,0
6,9,29.2,24.0,82.8,16.6,0,7,0,11,80,0,0,29,170,1,0,1,0,1,1,0,0,1,0,0.0,1.5,4.83333333333333,1
41,185,532.9,246.0,442.8,147.6,1,14,0,24,30,0,0,29,1181,0,0,1,0,0,0,1,0,1,0,0.0,4.51219512195122,0.707317073170732,1
5,18,52.0,60.0,32.0,8.0,3,3,1,0,72,0,0,35,165,1,0,1,0,0,1,0,0,0,0,5232.0,3.6,7.0,0
6,13,39.5,18.0,67.8,17.0,0,4,1,0,60,0,0,31,173,0,0,1,0,0,1,0,0,1,0,0.0,2.16666666666667,5.16666666666667,1
21,101,274.0,0.0,0.0,0.0,4,12,1,0,22,1,0,59,1251,0,0,0,0,1,1,0,0,1,0,2740.0,4.80952380952381,2.80952380952381,1
23,61,138.8,0.0,0.0,0.0,1,9,1,0,64,0,0,41,947,0,0,0,0,1,0,0,1,0,0,138.8,2.65217391304348,1.78260869565217,1
66,356,987.4,0.0,0.0,0.0,1,19,1,0,35,0,2,48,3140,0,1,0,0,0,0,0,1,1,0,987.4,5.39393939393939,0.727272727272727,1
7,38,90.0,0.0,0.0,0.0,0,13,1,0,27,1,0,39,289,0,0,0,0,0,1,0,0,1,0,900.0,5.42857142857143,5.57142857142857,1
21,48,107.2,6.51605,16.45302625,8.2,0,17,1,0,23,1,0,51,1102,0,0,1,0,0,1,0,0,1,0,0.0,2.28571428571429,2.42857142857143,1
18,60,160.4,0.0,0.0,0.0,0,4,0,19,62,0,0,50,889,0,0,0,0,0,1,0,0,1,0,160.4,3.33333333333333,2.77777777777778,1
33,184,527.7,132.0,313.5,62.7,0,0,0,0,50,0,0,8,260,0,0,1,0,0,0,0,1,0,0,0.0,5.57575757575758,0.242424242424242,1
53,234,528.8,212.0,556.5,185.5,0,11,1,0,52,0,6,35,1833,0,1,1,0,0,0,0,1,1,0,0.0,4.41509433962264,0.660377358490566,1
60,259,715.7,240.0,540.0,270.0,0,0,0,0,48,0,3,7,396,0,1,1,0,0,0,0,1,0,0,715.754,4.31666666666667,0.116666666666667,1
12,62,185.7,48.0,159.6,79.8,1,0,0,0,61,0,0,13,153,0,0,1,0,0,1,0,0,0,0,0.0,5.16666666666667,1.08333333333333,1
13,29,67.4,52.0,130.0,0.0,2,1,0,48,55,0,0,37,500,0,0,1,1,0,1,0,0,0,0,67.413,2.23076923076923,2.84615384615385,1
20,139,314.4,180.0,260.0,52.0,0,0,0,0,34,0,0,11,210,0,0,1,0,0,1,0,0,0,0,314.426,6.95,0.55,1
7,20,57.8,0.0,0.0,0.0,0,12,1,0,22,1,0,16,115,0,0,0,0,0,1,0,0,1,0,57.8,2.85714285714286,2.28571428571429,1
66,363,928.3,198.0,739.2,246.4,0,0,0,0,47,0,6,9,606,0,1,1,0,0,0,0,1,1,0,0.0,5.5,0.136363636363636,1
4,21,52.7,0.0,0.0,0.0,2,3,1,0,36,0,0,25,101,0,0,0,0,0,1,0,0,1,0,52.7,5.25,6.25,1
23,94,204.1,69.0,248.4,0.0,1,0,0,0,36,0,0,13,290,0,0,1,1,0,0,1,0,0,0,0.0,4.08695652173913,0.565217391304348,1
14,31,114.7,56.0,191.8,95.9,0,3,1,0,36,0,0,32,462,0,0,1,0,1,1,0,0,1,0,0.0,2.21428571428571,2.28571428571429,1
7,32,65.5,28.0,90.3,18.1,0,4,1,0,53,0,0,45,294,0,0,1,0,1,1,0,0,1,0,0.0,4.57142857142857,6.42857142857143,1
46,203,553.7,184.0,487.6,0.0,0,0,0,0,26,1,2,7,340,0,1,1,1,0,0,0,1,1,0,0.0,4.41304347826087,0.152173913043478,1
39,203,505.2,0.0,0.0,0.0,2,19,1,0,66,0,5,18,694,1,1,0,0,0,0,1,0,0,0,505.2,5.20512820512821,0.461538461538462,1
68,233,684.4,0.0,0.0,0.0,0,0,0,0,50,0,0,12,849,0,0,0,0,0,0,0,1,1,0,684.4,3.42647058823529,0.176470588235294,1
70,77,348.0,0.0,0.0,0.0,0,3,1,0,54,0,2,51,3542,0,1,0,0,1,0,0,1,0,0,3480.0,1.1,0.728571428571429,1
17,41,121.6,0.0,0.0,0.0,0,11,1,0,48,0,0,32,552,0,0,0,0,0,0,1,0,0,0,121.6,2.41176470588235,1.88235294117647,1
58,229,577.3,0.0,0.0,0.0,0,3,1,0,63,0,0,41,2387,0,0,0,0,0,0,0,1,1,0,577.3,3.94827586206897,0.706896551724138,1
71,235,640.0,0.0,0.0,0.0,0,6,1,0,67,0,6,58,4114,1,1,0,0,1,0,0,1,1,0,6400.0,3.30985915492958,0.816901408450704,1
24,139,316.9,0.0,0.0,0.0,0,0,0,0,21,1,5,8,185,0,1,0,0,0,0,0,1,1,0,316.9,5.79166666666667,0.333333333333333,1
11,60,180.2,66.0,95.7,31.9,0,10,1,0,47,0,6,34,381,0,1,1,0,0,1,0,0,1,0,0.0,5.45454545454545,3.09090909090909,1
2,5,11.6,0.0,0.0,0.0,1,14,1,0,54,0,0,23,45,0,0,0,0,0,1,0,0,0,0,11.6,2.5,11.5,1
36,78,177.8,144.0,417.6,0.0,1,5,1,0,35,0,4,15,528,0,1,1,1,0,1,0,0,0,0,0.0,2.16666666666667,0.416666666666667,1
21,60,146.6,0.0,0.0,0.0,5,2,1,0,76,0,0,43,900,1,0,0,0,0,1,0,0,1,0,146.6,2.85714285714286,2.04761904761905,1
16,39,114.3,64.0,256.0,64.0,0,10,1,0,31,0,2,22,358,0,1,1,0,0,0,0,1,1,0,114.3256,2.4375,1.375,1
66,288,658.4,132.0,653.4,130.7,0,5,1,0,50,0,0,65,4257,0,0,1,0,1,0,1,0,0,0,0.0,4.36363636363636,0.984848484848485,1
37,201,484.3,37.0,329.3,82.3,0,3,1,0,60,0,0,36,1326,0,0,1,0,0,0,1,0,1,0,0.0,5.43243243243243,0.972972972972973,1
68,290,951.3,0.0,0.0,0.0,0,0,0,0,22,1,0,8,524,0,0,0,0,0,0,0,1,0,0,951.3,4.26470588235294,0.117647058823529,1
68,313,749.3,0.0,0.0,0.0,0,4,1,0,31,0,2,18,1231,0,1,0,0,1,0,0,1,1,0,749.3,4.60294117647059,0.264705882352941,1
1,2,4.0,4.0,9.6,1.9,5,5,1,0,83,0,0,27,27,1,0,1,0,0,1,0,0,1,0,49.6,2.0,27.0,1
2,11,26.8,0.0,0.0,0.0,1,8,1,0,43,0,0,31,64,0,0,0,0,0,1,0,0,1,0,26.8,5.5,15.5,1
13,64,127.5,52.0,204.1,102.1,1,9,1,0,41,0,0,42,530,0,0,1,0,1,1,0,0,1,0,0.0,4.92307692307692,3.23076923076923,1
70,250,773.7,350.0,525.0,131.3,0,6,1,0,78,0,0,45,3191,1,0,1,0,0,0,0,1,0,0,773.7525,3.57142857142857,0.642857142857143,1
17,31,84.9,0.0,0.0,0.0,3,13,1,0,32,0,0,53,898,0,0,0,0,0,1,0,0,1,0,84.9,1.82352941176471,3.11764705882353,1
51,235,505.6,0.0,0.0,0.0,2,7,1,0,38,0,0,39,1953,0,0,0,0,0,0,0,1,0,1,505.6,4.6078431372549,0.764705882352941,1
44,242,393.0,264.0,404.8,0.0,2,3,1,0,73,0,0,37,1627,1,0,1,1,1,0,1,0,1,0,393404.8,5.5,0.840909090909091,0
64,81,254.7,0.0,0.0,0.0,0,4,1,0,73,0,0,24,1503,1,0,0,0,0,0,1,0,1,0,254.7,1.265625,0.375,1
36,88,179.2,0.0,0.0,0.0,0,0,0,0,59,0,0,12,440,0,0,0,0,0,0,0,1,0,0,179.2,2.44444444444444,0.333333333333333,1
7,33,64.2,0.0,0.0,0.0,0,0,0,0,30,0,2,9,67,0,1,0,0,0,1,0,0,0,0,64.2,4.71428571428571,1.28571428571429,1
49,71,197.3,0.0,0.0,0.0,0,7,1,0,59,0,0,42,2076,0,0,0,0,1,1,0,0,1,0,197.3,1.44897959183673,0.857142857142857,1
73,257,803.3,0.0,0.0,0.0,1,6,1,0,44,0,0,50,3647,0,0,0,0,0,0,0,1,1,0,803.3,3.52054794520548,0.684931506849315,1
24,110,263.5,48.0,355.2,88.8,0,2,0,19,47,0,0,36,851,0,0,1,0,1,1,0,0,1,0,0.0,4.58333333333333,1.5,1
1,3,7.0,0.0,0.0,0.0,1,0,0,0,40,0,0,8,8,0,0,0,0,0,1,0,0,0,0,70.0,3.0,8.0,1
55,192,498.2,0.0,0.0,0.0,2,15,1,0,21,1,0,34,1869,0,0,0,0,1,0,0,1,1,0,498.2,3.49090909090909,0.618181818181818,1
3,7,17.0,0.0,0.0,0.0,0,37,0,0,25,1,3,21,72,0,1,0,0,1,1,0,0,1,0,170.0,2.33333333333333,7.0,1
61,347,852.1,244.0,603.9,201.3,0,5,1,0,44,0,2,15,923,0,1,1,0,1,0,0,1,1,0,0.0,5.68852459016393,0.245901639344262,1
16,91,242.3,148.0,384.8,192.4,3,2,1,0,58,0,0,20,319,0,0,1,0,0,1,0,0,0,1,0.0,5.6875,1.25,1
51,343,772.2,153.0,474.3,0.0,0,7,1,0,58,0,3,34,1741,0,1,1,1,1,1,0,0,1,0,0.0,6.72549019607843,0.666666666666667,1
11,43,154.2,0.0,0.0,0.0,1,15,1,0,38,0,0,35,381,0,0,0,0,0,1,0,0,1,0,154.2,3.90909090909091,3.18181818181818,1
28,41,138.1,112.0,372.4,124.1,1,1,1,0,64,0,0,47,1296,0,0,1,0,0,1,0,0,1,0,0.0,1.46428571428571,1.67857142857143,1
13,59,128.7,0.0,0.0,0.0,0,5,0,0,57,0,0,30,388,0,0,0,0,0,1,0,0,0,0,128.7,4.53846153846154,2.30769230769231,1
71,359,990.9,0.0,0.0,0.0,2,4,1,0,49,0,4,59,4166,0,1,0,0,1,0,0,1,1,0,990.9,5.05633802816901,0.830985915492958,1
33,42,132.2,0.0,0.0,0.0,0,13,1,0,21,1,0,32,1042,0,0,0,0,0,0,0,1,0,0,132.2,1.27272727272727,0.96969696969697,1
8,60,119.0,0.0,0.0,0.0,0,41,1,0,22,1,4,39,327,0,1,0,0,1,0,1,0,1,0,1190.0,7.5,4.875,1
5,32,77.7,20.0,40.5,8.1,4,15,1,0,23,1,0,39,202,0,0,1,0,1,1,0,0,1,0,0.0,6.4,7.8,1
8,28,58.5,0.0,0.0,46.8,0,0,0,0,71,0,0,13,108,1,0,0,0,0,1,0,0,1,0,58.5,3.5,1.625,1
56,269,724.9,0.0,0.0,0.0,0,3,1,0,43,0,0,20,1132,0,0,0,0,1,1,0,0,1,0,724.9,4.80357142857143,0.357142857142857,1
4,16,31.9,16.0,59.2,29.6,2,26,0,26,29,1,0,33,131,0,0,1,0,0,1,0,0,1,0,0.0,4.0,8.25,1
13,49,93.6,0.0,0.0,0.0,1,0,0,0,29,1,2,8,110,0,1,0,0,0,1,0,0,0,0,93.6,3.76923076923077,0.615384615384615,1
45,188,493.4,0.0,0.0,0.0,1,9,0,24,78,0,0,17,746,1,0,0,0,0,0,0,1,0,0,493.4,4.17777777777778,0.377777777777778,1
16,85,164.7,0.0,0.0,0.0,0,15,1,0,24,1,5,26,434,0,1,0,0,0,1,0,0,1,0,164.7,5.3125,1.625,1
69,257,481.4,276.0,696.9,174.2,0,0,0,0,57,0,0,15,1031,0,0,1,0,0,0,0,1,0,0,0.0,3.72463768115942,0.217391304347826,1
18,85,161.4,0.0,0.0,0.0,0,0,0,0,38,0,0,11,202,0,0,0,0,0,0,0,1,0,0,161.4,4.72222222222222,0.611111111111111,1
4,7,15.2,12.0,29.2,7.3,3,6,1,0,45,0,0,26,100,0,0,1,0,0,1,0,0,0,0,0.0,1.75,6.5,1
3,6,15.4,0.0,0.0,0.0,2,5,1,0,45,0,5,15,46,0,1,0,0,0,1,0,0,0,0,15.4,2.0,5.0,1
60,387,958.9,0.0,0.0,0.0,0,0,0,0,19,1,0,10,595,0,0,0,0,0,0,0,1,0,0,958.9,6.45,0.166666666666667,1
55,373,830.8,110.0,720.5,144.1,0,2,1,0,56,0,0,41,2286,0,0,1,0,1,0,1,0,1,0,0.0,6.78181818181818,0.745454545454545,1
1,5,11.0,4.0,10.9,3.6,2,2,1,0,40,0,0,32,32,0,0,1,0,0,1,0,0,0,1,1110.9,5.0,32.0,1
71,97,355.1,0.0,0.0,0.0,0,12,0,43,63,0,0,60,4297,0,0,0,0,1,0,1,0,1,0,355.1,1.36619718309859,0.845070422535211,1
10,44,83.6,0.0,0.0,0.0,0,1,1,0,70,0,0,28,296,1,0,0,0,0,0,0,1,1,0,83.6,4.4,2.8,1
1,5,16.0,0.0,0.0,0.0,2,5,1,0,74,0,0,13,13,1,0,0,1,0,1,0,0,1,0,160.0,5.0,13.0,1
1,5,9.0,0.0,0.0,0.0,0,13,1,0,19,1,0,26,26,0,0,0,0,0,1,0,0,0,0,90.0,5.0,26.0,1
19,98,270.0,0.0,0.0,0.0,3,7,0,56,50,0,0,44,842,0,0,0,0,0,1,0,0,0,0,2700.0,5.15789473684211,2.31578947368421,1
12,82,184.9,0.0,0.0,0.0,0,6,0,42,32,0,0,45,558,0,0,0,0,0,1,0,0,1,0,184.9,6.83333333333333,3.75,1
42,151,379.3,126.0,478.8,159.6,1,5,1,0,70,0,0,48,2008,1,0,1,0,0,0,1,0,1,0,0.0,3.5952380952381,1.14285714285714,1
10,18,40.4,0.0,0.0,0.0,0,8,0,60,69,0,0,53,534,1,0,0,0,1,1,0,0,0,0,40.4,1.8,5.3,1
37,102,296.6,0.0,0.0,0.0,0,2,1,0,41,0,0,31,1151,0,0,0,0,1,0,1,0,1,0,296.6,2.75675675675676,0.837837837837838,1
26,88,205.7,104.0,314.6,62.9,0,38,1,0,28,1,0,65,1673,0,0,1,0,1,1,0,0,1,0,0.0,3.38461538461538,2.5,1
13,63,190.1,65.0,84.5,16.9,1,10,0,5,54,0,6,11,144,0,1,1,0,0,1,0,0,1,0,0.0,4.84615384615385,0.846153846153846,1
73,476,953.3,0.0,0.0,0.0,0,3,1,0,36,0,0,54,3996,0,0,0,0,1,0,0,1,1,0,953.3,6.52054794520548,0.73972602739726,1
56,251,675.1,56.0,599.2,149.8,0,13,1,0,57,0,0,55,3088,0,0,1,0,0,0,1,0,1,0,0.0,4.48214285714286,0.982142857142857,1
74,399,736.3,0.0,0.0,0.0,0,6,1,0,46,0,0,50,3697,0,0,0,0,1,0,0,1,1,0,736.3,5.39189189189189,0.675675675675676,1
1,4,11.0,16.0,53.6,13.4,0,18,1,0,25,1,0,30,30,0,0,1,0,0,1,0,0,0,0,1153.6,4.0,30.0,1
3,17,40.4,0.0,0.0,0.0,0,0,0,0,56,0,0,10,28,0,0,0,0,0,1,0,0,1,0,40.4,5.66666666666667,3.33333333333333,1
12,80,196.2,0.0,0.0,0.0,0,0,0,0,46,0,6,8,99,0,1,0,0,0,1,0,0,1,0,196.2,6.66666666666667,0.666666666666667,1
52,237,524.0,0.0,0.0,0.0,0,9,1,0,67,0,0,54,2826,1,0,0,1,0,0,0,1,0,0,5240.0,4.55769230769231,1.03846153846154,1
39,97,234.7,0.0,0.0,0.0,2,8,1,0,31,0,2,30,1185,0,1,0,0,1,1,0,0,0,0,234.7,2.48717948717949,0.769230769230769,1
1,2,4.0,0.0,0.0,0.0,3,6,0,18,75,0,0,43,43,1,0,0,0,0,1,0,0,1,0,40.0,2.0,43.0,1
66,216,660.9,0.0,0.0,0.0,0,3,0,57,50,0,0,41,2706,0,0,0,0,1,0,0,1,1,0,660.9,3.27272727272727,0.621212121212121,1
72,437,867.1,0.0,0.0,0.0,0,5,1,0,53,0,0,63,4531,0,0,0,0,1,0,1,0,1,0,867.1,6.06944444444444,0.875,1
72,176,429.8,288.0,784.8,261.6,5,14,1,0,45,0,0,42,3012,0,0,1,0,1,1,0,0,1,0,0.0,2.44444444444444,0.583333333333333,1
23,108,277.8,0.0,0.0,0.0,0,0,0,0,41,0,6,12,286,0,1,0,0,0,0,0,1,0,1,277.8,4.69565217391304,0.521739130434783,1
38,151,265.5,152.0,224.2,56.1,2,0,0,0,50,0,0,9,348,0,0,1,0,0,1,0,0,1,0,0.0,3.97368421052632,0.236842105263158,1
1,3,8.0,0.0,0.0,0.0,5,4,1,0,76,0,0,24,24,1,0,0,0,0,1,0,0,1,0,80.0,3.0,24.0,1
35,150,345.5,140.0,280.0,70.0,0,20,1,0,29,1,0,27,944,0,0,1,0,0,0,1,0,0,0,345.528,4.28571428571429,0.771428571428571,1
1,3,5.0,0.0,0.0,13.9,5,3,1,0,58,0,0,46,46,0,0,0,0,0,1,0,0,0,0,50.0,3.0,46.0,1
8,44,121.9,32.0,74.4,24.8,0,6,1,0,42,0,0,35,282,0,0,1,0,0,1,0,0,1,0,0.0,5.5,4.375,1
10,51,136.2,30.0,109.0,0.0,0,0,0,0,29,1,0,10,93,0,0,1,1,0,1,0,0,0,0,136.2109,5.1,1.0,1
69,504,825.1,0.0,0.0,0.0,2,1,1,0,54,0,0,41,2793,0,0,0,0,1,0,1,0,1,0,825.1,7.30434782608696,0.594202898550725,1
7,13,39.5,0.0,0.0,0.0,1,0,0,0,22,1,2,9,62,0,1,0,0,0,1,0,0,0,0,39.5,1.85714285714286,1.28571428571429,1
1,6,14.0,4.0,9.7,1.9,2,0,0,0,37,0,0,8,8,0,0,1,0,0,1,0,0,0,0,149.7,6.0,8.0,1
1,1,4.0,0.0,0.0,0.0,3,3,1,0,69,0,0,37,37,1,0,0,0,0,1,0,0,1,0,40.0,1.0,37.0,1
30,52,121.0,0.0,0.0,0.0,4,24,1,0,25,1,0,54,1620,0,0,0,0,1,1,0,0,1,0,1210.0,1.73333333333333,1.8,1
7,19,54.4,0.0,0.0,0.0,1,24,1,0,32,0,0,37,254,0,0,0,0,1,1,0,0,0,0,54.4,2.71428571428571,5.28571428571429,1
1,5,14.0,4.0,10.7,3.6,1,12,0,6,29,1,0,37,37,0,0,1,0,0,1,0,0,1,0,1410.7,5.0,37.0,1
68,327,954.4,0.0,0.0,0.0,2,7,1,0,65,0,0,51,3452,1,0,0,0,1,0,0,1,1,0,954.4,4.80882352941176,0.75,1
63,349,888.9,0.0,0.0,0.0,0,3,1,0,45,0,0,60,3825,0,0,0,0,1,0,0,1,0,0,888.9,5.53968253968254,0.952380952380952,1
69,272,624.2,276.0,683.1,341.6,0,10,1,0,29,1,0,39,2727,0,0,1,0,1,0,0,1,1,0,0.0,3.94202898550725,0.565217391304348,1
31,146,399.8,0.0,0.0,13.5,4,5,1,0,73,0,0,48,1478,1,0,0,0,0,1,0,0,1,0,399.8,4.70967741935484,1.54838709677419,1
73,135,364.6,146.0,839.5,279.8,0,5,1,0,45,0,0,57,4120,0,0,1,0,1,0,0,1,1,0,0.0,1.84931506849315,0.780821917808219,1
20,149,278.9,0.0,0.0,0.0,1,0,0,0,42,0,0,11,213,0,0,0,0,0,0,0,1,0,1,278.9,7.45,0.55,1
71,359,989.6,0.0,0.0,0.0,0,15,1,0,44,0,5,46,3233,0,1,0,0,1,0,0,1,1,0,989.6,5.05633802816901,0.647887323943662,1
71,167,424.2,284.0,504.1,126.0,0,9,1,0,51,0,0,42,2999,0,0,1,0,1,0,0,1,0,0,0.0,2.35211267605634,0.591549295774648,1
38,71,189.8,0.0,0.0,0.0,1,19,1,0,23,1,0,24,921,0,0,0,0,0,0,1,0,0,0,189.8,1.86842105263158,0.631578947368421,1
3,14,29.8,12.0,33.6,16.8,0,5,0,10,46,0,0,40,120,0,0,1,0,0,1,0,0,0,0,0.0,4.66666666666667,13.3333333333333,1
1,6,15.0,6.0,12.5,4.2,1,3,1,0,39,0,0,27,27,0,0,1,0,0,1,0,0,0,0,1512.5,6.0,27.0,1
46,80,232.2,0.0,0.0,0.0,0,10,0,81,62,0,2,18,834,0,1,0,0,0,1,0,0,1,0,232.2,1.73913043478261,0.391304347826087,1
2,12,23.6,8.0,20.4,6.8,2,1,0,19,43,0,0,19,40,0,0,1,0,0,1,0,0,0,0,0.0,6.0,9.5,1
8,33,56.4,24.0,50.4,12.6,0,21,1,0,26,1,0,45,366,0,0,1,0,1,1,0,0,0,1,0.0,4.125,5.625,1
48,260,530.1,192.0,609.6,121.9,3,6,0,0,45,0,0,68,3300,0,0,1,0,1,1,0,0,1,0,0.0,5.41666666666667,1.41666666666667,1
43,153,383.1,0.0,0.0,0.0,1,7,1,0,62,0,0,49,2071,0,0,0,0,1,1,0,0,1,0,383.1,3.55813953488372,1.13953488372093,1
51,124,355.9,0.0,0.0,0.0,2,30,1,0,24,1,0,46,2353,0,0,0,0,1,0,1,0,0,0,355.9,2.43137254901961,0.901960784313726,1
46,230,501.0,0.0,0.0,0.0,2,2,1,0,52,0,0,56,2554,0,0,0,0,1,1,0,0,1,0,5010.0,5.0,1.21739130434783,1
7,20,41.9,0.0,0.0,0.0,0,0,0,0,26,1,0,11,76,0,0,0,0,0,0,1,0,1,0,41.9,2.85714285714286,1.57142857142857,1
56,112,278.2,224.0,666.4,0.0,0,7,1,0,52,0,0,41,2301,0,0,1,1,1,0,1,0,1,0,0.0,2.0,0.732142857142857,1
1,3,13.0,0.0,0.0,0.0,0,7,1,0,55,0,0,27,27,0,0,0,0,0,1,0,0,0,1,130.0,3.0,27.0,1
36,170,436.2,0.0,0.0,0.0,2,4,1,0,69,0,0,67,2423,1,0,0,0,0,1,0,0,1,0,436.2,4.72222222222222,1.86111111111111,1
12,41,110.6,0.0,0.0,44.6,1,0,0,0,51,0,0,8,102,0,0,0,0,0,1,0,0,0,0,110.6,3.41666666666667,0.666666666666667,1
1,4,11.0,4.0,13.8,3.5,4,6,1,0,60,0,0,41,41,0,0,1,0,0,1,0,0,1,0,1113.8,4.0,41.0,1
22,131,217.4,88.0,330.0,66.0,1,5,1,0,59,0,2,41,883,0,1,1,0,0,1,0,0,1,0,217.433,5.95454545454545,1.86363636363636,1
71,133,353.4,0.0,0.0,0.0,1,10,1,0,75,0,0,49,3465,1,0,0,0,1,0,0,1,1,0,353.4,1.87323943661972,0.690140845070423,1
70,185,418.7,280.0,854.0,284.7,2,21,0,69,26,1,2,33,2323,0,1,1,0,1,0,0,1,1,0,418.7854,2.64285714285714,0.471428571428571,1
64,314,763.1,0.0,0.0,0.0,3,1,0,59,64,0,0,68,4303,0,0,0,0,1,1,0,0,1,0,763.1,4.90625,1.0625,1
18,43,123.3,0.0,0.0,0.0,3,5,1,0,28,1,0,31,541,0,0,0,0,1,1,0,0,0,0,123.3,2.38888888888889,1.72222222222222,1
15,31,89.3,0.0,0.0,0.0,1,26,1,0,32,0,0,29,426,0,0,0,1,0,1,0,0,0,1,89.3,2.06666666666667,1.93333333333333,1
52,192,464.7,0.0,0.0,0.0,1,38,1,0,41,0,4,18,928,0,1,0,0,1,0,1,0,1,0,464.7,3.69230769230769,0.346153846153846,1
27,60,191.9,0.0,0.0,0.0,2,3,1,0,36,0,0,28,755,0,0,0,0,0,1,0,0,0,0,191.9,2.22222222222222,1.03703703703704,1
70,306,905.8,350.0,1225.0,0.0,0,3,1,0,48,0,0,41,2887,0,0,1,1,0,0,1,0,1,0,905.81225,4.37142857142857,0.585714285714286,1
47,153,375.0,0.0,0.0,0.0,0,1,1,0,63,0,0,60,2811,0,0,0,0,1,0,0,1,1,0,3750.0,3.25531914893617,1.27659574468085,1
3,5,13.2,12.0,36.3,0.0,2,0,0,0,20,1,5,8,28,0,1,1,1,0,1,0,0,0,0,0.0,1.66666666666667,2.66666666666667,1
1,2,4.0,0.0,0.0,0.0,3,2,1,0,44,0,0,24,24,0,0,0,1,0,1,0,0,0,1,40.0,2.0,24.0,1
47,200,514.7,0.0,0.0,0.0,0,5,1,0,28,1,3,21,991,0,1,0,0,0,1,0,0,1,0,514.7,4.25531914893617,0.446808510638298,1
12,71,149.1,0.0,0.0,0.0,0,10,1,0,39,0,0,29,358,0,0,0,0,0,1,0,0,1,0,149.1,5.91666666666667,2.41666666666667,1
48,262,527.2,0.0,0.0,0.0,2,21,0,42,23,1,0,43,2064,0,0,0,0,0,0,1,0,0,0,527.2,5.45833333333333,0.895833333333333,1
13,41,103.3,0.0,0.0,0.0,0,26,1,0,28,1,0,53,682,0,0,0,0,1,1,0,0,1,0,103.3,3.15384615384615,4.07692307692308,1
17,79,203.3,0.0,0.0,0.0,2,0,0,0,29,1,5,8,139,0,1,0,0,0,1,0,0,1,0,203.3,4.64705882352941,0.470588235294118,1
66,530,985.4,0.0,0.0,0.0,0,7,1,0,68,0,0,64,4208,1,0,0,0,1,0,1,0,1,0,985.4,8.03030303030303,0.96969696969697,1
71,477,925.6,0.0,0.0,0.0,0,41,1,0,21,1,0,51,3633,0,0,0,0,1,0,1,0,0,0,925.6,6.71830985915493,0.71830985915493,1
24,131,355.7,0.0,0.0,0.0,0,11,1,0,40,0,0,28,672,0,0,0,0,0,1,0,0,1,0,355.7,5.45833333333333,1.16666666666667,1
12,99,197.1,48.0,138.0,27.6,0,5,1,0,27,1,0,13,165,0,0,1,0,0,1,0,0,1,0,197.1138,8.25,1.08333333333333,1
29,113,205.2,116.0,232.0,116.0,0,8,1,0,31,0,0,30,872,0,0,1,0,0,1,0,0,0,1,205.2232,3.89655172413793,1.03448275862069,1
71,272,850.5,0.0,0.0,0.0,0,0,0,0,23,1,6,5,381,0,1,0,0,0,0,0,1,0,1,850.5,3.83098591549296,0.0704225352112676,1
48,308,577.5,192.0,576.0,0.0,3,2,1,0,65,0,0,50,2392,1,0,1,1,1,0,1,0,1,0,577.5576,6.41666666666667,1.04166666666667,1
70,241,770.7,0.0,0.0,0.0,0,5,1,0,41,0,0,52,3618,0,0,0,0,1,0,0,1,1,0,770.7,3.44285714285714,0.742857142857143,1
28,59,140.2,56.0,243.6,121.8,0,13,1,0,56,0,3,26,718,0,1,1,0,1,0,1,0,0,0,0.0,2.10714285714286,0.928571428571429,1
48,194,479.9,96.0,705.6,352.8,2,4,1,0,55,0,0,39,1851,0,0,1,0,1,0,1,0,0,0,0.0,4.04166666666667,0.8125,1
54,164,487.0,216.0,291.6,58.3,0,0,0,0,35,0,2,10,519,0,1,1,0,0,0,0,1,0,0,487291.6,3.03703703703704,0.185185185185185,0
21,145,296.4,0.0,0.0,0.0,0,9,0,0,54,0,0,43,911,0,0,0,0,0,1,0,0,0,0,296.4,6.90476190476191,2.04761904761905,1
69,250,549.1,0.0,0.0,0.0,0,7,1,0,57,0,0,28,1945,0,0,0,0,0,1,0,0,1,0,549.1,3.6231884057971,0.405797101449275,1
26,66,183.1,0.0,0.0,0.0,0,5,1,0,45,0,0,30,781,0,0,0,0,1,0,1,0,1,0,183.1,2.53846153846154,1.15384615384615,1
22,85,195.9,0.0,0.0,0.0,0,5,1,0,67,0,0,50,1095,1,0,0,0,0,1,0,0,1,0,195.9,3.86363636363636,2.27272727272727,1
2,12,19.1,8.0,28.4,9.5,3,5,1,0,47,0,0,30,57,0,0,1,0,0,1,0,0,1,0,0.0,6.0,15.0,1
11,44,85.7,0.0,0.0,0.0,3,9,1,0,61,0,0,35,373,0,0,0,0,0,1,0,0,1,0,85.7,4.0,3.18181818181818,1
32,134,380.4,31.60660238,50.57056381,17.7,3,14,0,39,26,1,0,63,1989,0,0,1,0,1,0,1,0,1,0,0.0,4.1875,1.96875,1
51,263,659.2,0.0,0.0,0.0,1,0,0,0,50,0,2,9,438,0,1,0,0,0,0,0,1,0,0,659.2,5.15686274509804,0.176470588235294,1
68,457,955.6,136.0,1224.0,306.0,0,6,1,0,55,0,0,68,4662,0,0,1,0,1,0,1,0,0,0,955.61224,6.72058823529412,1.0,1
8,46,122.0,32.0,117.6,58.8,3,5,1,0,46,0,3,15,125,0,1,1,0,1,1,0,0,1,0,122117.6,5.75,1.875,0
2,10,22.0,8.0,23.6,4.7,0,9,1,0,31,0,0,45,99,0,0,1,0,0,1,0,0,1,0,2223.6,5.0,22.5,1
13,21,50.3,52.0,182.0,60.7,0,5,1,0,50,0,0,52,655,0,0,1,0,0,1,0,0,0,0,50.3182,1.61538461538462,4.0,1
60,477,898.5,0.0,0.0,0.0,0,5,1,0,81,0,0,54,3206,1,0,0,0,1,0,1,0,1,0,898.5,7.95,0.9,1
49,223,730.3,0.0,0.0,0.0,1,2,1,0,47,0,0,18,886,0,0,0,0,1,0,0,1,0,0,730.3,4.55102040816327,0.36734693877551,1
61,88,243.7,0.0,0.0,0.0,0,10,1,0,63,0,0,58,3520,0,0,0,0,1,0,1,0,1,0,243.7,1.44262295081967,0.950819672131147,1
54,169,431.3,0.0,0.0,0.0,0,0,0,0,36,0,0,11,612,0,0,0,0,0,0,0,1,0,0,431.3,3.12962962962963,0.203703703703704,1
7,14,33.7,0.0,0.0,0.0,0,14,1,0,22,1,0,59,397,0,0,0,0,0,0,1,0,0,0,33.7,2.0,8.42857142857143,1
58,140,349.9,0.0,0.0,0.0,2,4,0,10,76,0,0,62,3632,1,0,0,0,1,0,1,0,1,0,349.9,2.41379310344828,1.06896551724138,1
3,8,32.5,0.0,0.0,0.0,1,0,0,0,32,0,0,11,36,0,0,0,0,0,1,0,0,0,1,32.5,2.66666666666667,3.66666666666667,1
69,142,345.2,0.0,0.0,0.0,0,2,1,0,76,0,0,46,3176,1,0,0,0,1,0,0,1,1,0,345.2,2.05797101449275,0.666666666666667,1
60,221,603.2,240.0,498.0,0.0,0,6,1,0,31,0,0,55,3329,0,0,1,1,0,0,0,1,0,0,603.2498,3.68333333333333,0.916666666666667,1
75,120,298.1,450.0,1372.5,343.1,0,1,1,0,37,0,0,41,3037,0,0,1,0,1,0,0,1,1,0,0.0,1.6,0.546666666666667,1
28,36,110.7,0.0,0.0,0.0,0,7,1,0,27,1,0,22,602,0,0,0,0,0,1,0,0,1,0,110.7,1.28571428571429,0.785714285714286,1
11,45,144.6,0.0,0.0,0.0,0,0,0,0,27,1,0,13,140,0,0,0,0,0,1,0,0,0,0,144.6,4.09090909090909,1.18181818181818,1
17,77,218.2,136.0,120.7,40.2,3,7,1,0,54,0,0,19,325,0,0,1,0,1,0,1,0,0,1,0.0,4.52941176470588,1.11764705882353,1
18,35,90.8,72.0,194.4,38.9,0,10,1,0,43,0,0,22,405,0,0,1,0,0,1,0,0,1,0,0.0,1.94444444444444,1.22222222222222,1
70,171,627.4,0.0,0.0,0.0,0,1,1,0,47,0,0,52,3593,0,0,0,0,1,0,0,1,0,0,627.4,2.44285714285714,0.742857142857143,1
8,24,84.8,236.25,434.7,86.9,0,2,1,0,37,0,0,39,328,0,0,1,0,0,1,0,0,1,0,0.0,3.0,4.875,1
73,180,437.6,0.0,0.0,0.0,0,14,0,45,27,1,5,38,2774,0,1,0,0,1,0,0,1,0,0,437.6,2.46575342465753,0.520547945205479,1
28,96,251.5,84.0,229.6,114.8,0,2,1,0,82,0,0,27,763,1,0,1,0,0,0,1,0,1,0,0.0,3.42857142857143,0.964285714285714,1
39,244,552.7,0.0,0.0,0.0,0,4,1,0,58,0,0,48,1878,0,0,0,0,0,0,1,0,0,0,552.7,6.25641025641026,1.23076923076923,1
7,20,44.1,0.0,0.0,0.0,3,15,1,0,27,1,0,36,261,0,0,0,0,0,1,0,0,1,0,44.1,2.85714285714286,5.14285714285714,1
63,129,380.6,0.0,0.0,0.0,0,0,0,0,44,0,5,8,497,0,1,0,0,0,0,0,1,1,0,380.6,2.04761904761905,0.126984126984127,1
15,50,118.3,0.0,0.0,0.0,0,5,1,0,38,0,0,32,472,0,0,0,0,0,1,0,0,1,0,118.3,3.33333333333333,2.13333333333333,1
41,137,364.9,0.0,0.0,0.0,2,15,1,0,25,1,2,36,1451,0,1,0,0,1,1,0,0,1,0,364.9,3.34146341463415,0.878048780487805,1
15,88,218.4,0.0,0.0,0.0,2,3,1,0,83,0,0,33,485,1,0,0,0,0,1,0,0,1,0,218.4,5.86666666666667,2.2,1
12,43,81.3,48.0,158.4,52.8,1,5,1,0,33,0,0,40,462,0,0,1,0,0,1,0,0,1,0,0.0,3.58333333333333,3.33333333333333,1
24,64,168.8,24.0,225.6,56.4,0,1,1,0,72,0,0,35,834,1,0,1,0,1,0,0,1,0,0,0.0,2.66666666666667,1.45833333333333,1
31,80,250.1,62.0,443.3,110.8,0,11,1,0,65,0,0,51,1592,1,0,1,0,1,0,1,0,1,0,0.0,2.58064516129032,1.64516129032258,1
17,85,173.9,68.0,251.6,50.3,5,15,1,0,35,0,0,42,739,0,0,1,0,0,1,0,0,1,0,0.0,5.0,2.47058823529412,1
62,253,738.3,0.0,0.0,0.0,4,3,1,0,74,0,0,56,3426,1,0,0,0,1,0,1,0,1,0,738.3,4.08064516129032,0.903225806451613,1
67,338,875.5,0.0,0.0,0.0,2,5,1,0,79,0,0,40,2668,1,0,0,0,0,0,1,0,1,0,875.5,5.04477611940298,0.597014925373134,1
2,6,18.4,8.0,26.8,13.4,0,0,0,0,39,0,0,9,18,0,0,1,0,0,1,0,0,0,1,0.0,3.0,4.5,1
29,72,204.4,87.0,408.9,0.0,0,3,1,0,32,0,0,29,841,0,0,1,1,0,0,1,0,0,0,0.0,2.48275862068966,1.0,1
1,1,4.0,0.0,0.0,0.0,2,4,0,18,54,0,0,20,20,0,0,0,0,0,1,0,0,1,0,40.0,1.0,20.0,1
3,11,22.4,12.0,33.9,11.3,2,11,1,0,57,0,0,40,112,0,0,1,0,1,1,0,0,1,0,0.0,3.66666666666667,13.3333333333333,1
1,3,9.0,3.0,14.3,4.8,0,0,0,0,24,1,0,13,13,0,0,1,0,0,1,0,0,0,0,914.3,3.0,13.0,1
2,13,30.2,79.8,379.05,44.9,2,18,1,0,26,1,2,42,98,0,1,1,0,1,1,0,0,1,0,0.0,6.5,21.0,1
53,219,639.9,0.0,0.0,0.0,0,7,1,0,53,0,0,44,2341,0,0,0,0,0,0,1,0,1,0,639.9,4.13207547169811,0.830188679245283,1
19,61,246.0,0.0,0.0,0.0,1,0,0,0,46,0,2,6,119,0,1,0,0,0,1,0,0,0,1,2460.0,3.21052631578947,0.315789473684211,1
3,8,24.2,12.0,40.2,20.1,0,8,1,0,54,0,0,16,55,0,0,1,0,0,1,0,0,0,0,0.0,2.66666666666667,5.33333333333333,1
26,134,395.9,0.0,0.0,0.0,0,5,1,0,24,1,2,14,362,0,1,0,0,1,1,0,0,0,0,395.9,5.15384615384615,0.538461538461538,1
69,231,550.5,0.0,0.0,0.0,1,26,0,41,25,1,0,62,4245,0,0,0,0,1,0,0,1,1,0,550.5,3.34782608695652,0.898550724637681,1
71,178,499.5,0.0,0.0,0.0,0,15,1,0,62,0,0,40,2883,0,0,0,0,1,0,0,1,1,0,499.5,2.50704225352113,0.563380281690141,1
23,69,160.8,0.0,0.0,0.0,0,4,0,46,60,0,0,35,810,0,0,0,0,0,0,1,0,0,0,160.8,3.0,1.52173913043478,1
71,252,640.5,497.0,404.7,0.0,0,18,1,0,41,0,5,34,2422,0,1,1,1,0,1,0,0,1,0,0.0,3.54929577464789,0.47887323943662,1
64,441,957.8,0.0,0.0,0.0,0,1,1,0,51,0,0,57,3641,0,0,0,0,1,0,0,1,1,0,957.8,6.890625,0.890625,1
18,59,157.9,72.0,241.2,0.0,0,17,1,0,29,1,0,28,492,0,0,1,1,0,1,0,0,1,0,0.0,3.27777777777778,1.55555555555556,1
1,2,6.0,4.0,13.3,6.7,1,3,1,0,63,0,0,42,42,0,0,1,0,0,1,0,0,0,0,613.3,2.0,42.0,1
68,268,749.6,0.0,0.0,0.0,0,4,1,0,47,0,0,40,2732,0,0,0,0,1,0,0,1,0,0,749.6,3.94117647058824,0.588235294117647,1
28,159,367.6,0.0,0.0,0.0,2,5,0,19,72,0,0,13,375,1,0,0,0,0,1,0,0,1,0,367.6,5.67857142857143,0.464285714285714,1
23,144,321.4,0.0,0.0,0.0,2,15,1,0,71,0,0,18,403,1,0,0,0,1,1,0,0,0,0,321.4,6.26086956521739,0.782608695652174,1
33,152,433.1,0.0,0.0,0.0,0,0,0,0,51,0,0,8,260,0,0,0,0,0,0,1,0,0,0,433.1,4.60606060606061,0.242424242424242,1
17,24,70.0,68.0,134.3,44.8,0,21,1,0,23,1,4,10,182,0,1,1,0,0,1,0,0,0,0,70134.3,1.41176470588235,0.588235294117647,0
11,19,45.9,0.0,0.0,0.0,2,9,1,0,62,0,0,57,650,0,0,0,0,0,1,0,0,1,0,45.9,1.72727272727273,5.18181818181818,1
1,5,13.0,3.0,14.9,3.7,1,0,0,0,51,0,0,7,7,0,0,1,0,0,1,0,0,0,1,1314.9,5.0,7.0,0
3,9,21.2,0.0,0.0,0.0,5,5,0,4,32,0,0,49,129,0,0,0,0,0,1,0,0,0,0,21.2,3.0,16.3333333333333,1
72,267,650.4,360.0,828.0,276.0,0,5,1,0,59,0,6,38,2729,0,1,1,0,1,0,0,1,1,0,650.4828,3.70833333333333,0.527777777777778,1
1,5,13.0,0.0,0.0,0.0,0,0,0,0,63,0,0,8,8,0,0,0,1,0,1,0,0,0,0,130.0,5.0,8.0,1
71,88,282.3,213.0,546.7,109.3,0,11,1,0,34,0,2,40,2845,0,1,1,0,1,0,0,1,1,0,0.0,1.23943661971831,0.563380281690141,1
6,31,63.6,8.0,24.6,6.2,4,18,1,0,23,1,0,22,143,0,0,1,0,1,1,0,0,1,0,0.0,5.16666666666667,3.66666666666667,1
1,6,14.0,17.0,13.6,2.7,5,3,1,0,63,0,0,50,50,0,0,1,0,0,1,0,0,1,0,1413.6,6.0,50.0,1
3,15,28.5,0.0,0.0,0.0,0,3,1,0,48,0,0,24,61,0,0,0,0,0,1,0,0,1,0,28.5,5.0,8.0,1
34,85,306.3,0.0,0.0,0.0,0,5,1,0,57,0,0,44,1497,0,0,0,0,0,0,0,1,1,0,306.3,2.5,1.29411764705882,1
1,2,5.0,0.0,0.0,0.0,0,0,0,0,36,0,0,9,9,0,0,0,0,0,1,0,0,0,0,50.0,2.0,9.0,1
44,338,485.0,176.0,519.2,103.8,0,7,1,0,79,0,0,51,2261,1,0,1,0,1,0,1,0,0,0,485519.2,7.68181818181818,1.15909090909091,0
28,94,222.3,0.0,0.0,0.0,0,13,1,0,19,1,0,33,921,0,0,0,0,1,0,1,0,0,0,222.3,3.35714285714286,1.17857142857143,1
3,13,27.3,9.0,34.2,6.8,0,2,1,0,40,0,0,24,72,0,0,1,0,0,1,0,0,0,0,0.0,4.33333333333333,8.0,1
4,29,56.1,20.0,42.8,0.0,0,4,1,0,65,0,5,19,84,1,1,1,1,0,1,0,0,1,0,0.0,7.25,4.75,1
60,88,240.8,0.0,0.0,0.0,0,0,0,0,61,0,0,10,590,0,0,0,0,0,0,0,1,0,1,240.8,1.46666666666667,0.166666666666667,1
6,24,61.6,24.0,92.4,0.0,0,8,0,34,25,1,0,44,269,0,0,1,1,0,1,0,0,1,0,0.0,4.0,7.33333333333333,1
27,211,439.9,0.0,0.0,0.0,5,14,1,0,78,0,0,51,1413,1,0,0,0,0,1,0,0,1,0,439.9,7.81481481481481,1.88888888888889,1
18,70,163.1,108.0,235.8,59.0,0,6,1,0,47,0,0,13,243,0,0,1,0,1,1,0,0,0,0,0.0,3.88888888888889,0.722222222222222,1
35,67,174.3,175.0,273.0,91.0,1,15,1,0,20,1,0,32,1111,0,0,1,0,0,0,1,0,1,0,174.3273,1.91428571428571,0.914285714285714,1
1,5,11.0,4.0,8.0,1.6,2,3,1,0,55,0,0,34,34,0,0,1,0,0,1,0,0,1,0,118.0,5.0,34.0,1
58,283,808.4,0.0,0.0,0.0,2,27,1,0,34,0,6,45,2617,0,1,0,0,0,1,0,0,1,0,808.4,4.87931034482759,0.775862068965517,1
1,6,14.0,0.0,0.0,0.0,0,16,1,0,29,1,0,29,29,0,0,0,0,0,1,0,0,0,0,140.0,6.0,29.0,1
6,14,41.0,0.0,0.0,0.0,0,0,0,0,33,0,0,13,74,0,0,0,0,0,1,0,0,0,0,410.0,2.33333333333333,2.16666666666667,1
4,11,30.7,12.0,23.6,7.9,0,6,0,5,51,0,0,44,169,0,0,1,0,0,1,0,0,1,0,0.0,2.75,11.0,1
72,433,1072.9,0.0,0.0,0.0,0,0,0,0,61,0,0,10,735,0,0,0,0,0,0,0,1,1,0,1072.9,6.01388888888889,0.138888888888889,1
1,2,5.0,4.0,11.2,5.6,0,8,1,0,57,0,0,27,27,0,0,1,0,0,1,0,0,1,0,511.2,2.0,27.0,1
68,115,406.4,0.0,0.0,0.0,0,30,1,0,24,1,0,20,1381,0,0,0,0,0,1,0,0,0,1,406.4,1.69117647058824,0.294117647058824,1
2,9,23.3,4.0,20.0,5.0,0,0,0,0,77,0,0,6,12,1,0,1,0,0,0,0,1,1,0,23.32,4.5,3.0,1
38,119,303.3,0.0,0.0,0.0,2,0,0,0,20,1,0,15,584,0,0,0,0,0,0,1,0,1,0,303.3,3.13157894736842,0.394736842105263,1
2,12,30.0,0.0,0.0,0.0,4,10,1,0,28,1,0,43,80,0,0,0,1,0,1,0,0,1,0,300.0,6.0,21.5,1
1,4,11.0,4.0,11.8,2.4,3,5,0,4,40,0,0,25,25,0,0,1,0,0,1,0,0,1,0,1111.8,4.0,25.0,1
11,51,102.0,80.0,238.0,79.3,4,21,0,64,20,1,0,46,521,0,0,1,0,0,1,0,0,0,0,102238.0,4.63636363636364,4.18181818181818,0
26,88,236.6,104.0,283.4,0.0,0,0,0,0,32,0,0,7,189,0,0,1,1,0,1,0,0,0,0,0.0,3.38461538461538,0.269230769230769,1
66,142,330.2,396.0,508.2,254.1,1,0,0,0,61,0,6,8,504,0,1,1,0,0,0,0,1,0,0,0.0,2.15151515151515,0.121212121212121,1
10,27,60.9,60.0,87.0,21.8,2,13,1,0,24,1,0,20,208,0,0,1,0,0,1,0,0,0,0,60.987,2.7,2.0,1
56,196,392.5,0.0,0.0,0.0,4,24,0,60,21,1,0,59,3294,0,0,0,0,0,0,1,0,1,0,392.5,3.5,1.05357142857143,1
4,21,60.9,16.0,58.8,11.8,4,7,1,0,35,0,0,24,106,0,0,1,0,0,1,0,0,0,0,0.0,5.25,6.0,1
1,5,14.0,0.0,0.0,0.0,5,0,0,0,67,0,0,13,13,1,0,0,0,0,1,0,0,0,0,140.0,5.0,13.0,1
38,79,191.5,152.0,524.4,104.9,1,10,1,0,27,1,0,42,1590,0,0,1,0,1,1,0,0,1,0,0.0,2.07894736842105,1.10526315789474,1
66,279,926.7,0.0,0.0,0.0,0,0,0,0,47,0,4,6,376,0,1,0,0,0,0,0,1,0,0,926.7,4.22727272727273,0.0909090909090909,1
62,93,249.2,0.0,0.0,0.0,0,0,0,0,21,1,3,11,655,0,1,0,0,0,0,0,1,0,0,249.2,1.5,0.17741935483871,1
6,18,48.7,0.0,0.0,0.0,1,3,1,0,59,0,0,39,240,0,0,0,0,1,1,0,0,0,0,48.7,3.0,6.5,1
55,246,709.8,0.0,0.0,0.0,0,11,1,0,57,0,5,19,1055,0,1,0,0,1,0,0,1,0,0,709.8,4.47272727272727,0.345454545454545,1
1,2,7.0,0.0,0.0,0.0,1,20,1,0,29,1,3,12,12,0,1,0,0,0,1,0,0,1,0,70.0,2.0,12.0,1
72,367,1144.1,0.0,0.0,0.0,0,5,0,41,21,1,0,34,2416,0,0,0,0,1,0,1,0,1,0,1144.1,5.09722222222222,0.472222222222222,1
10,16,49.0,40.0,129.0,64.5,5,0,0,0,57,0,0,9,90,0,0,1,0,0,1,0,0,0,0,49129.0,1.6,0.9,0
51,85,205.7,0.0,0.0,0.0,0,6,1,0,47,0,4,17,864,0,1,0,0,1,0,1,0,1,0,205.7,1.66666666666667,0.333333333333333,1
16,32,98.6,64.0,180.8,0.0,0,7,1,0,75,0,0,23,377,1,0,1,1,0,0,1,0,1,0,0.0,2.0,1.4375,1
4,26,54.3,16.0,32.4,8.1,0,6,1,0,56,0,0,16,61,0,0,1,0,0,1,0,0,1,0,0.0,6.5,4.0,1
40,178,477.8,0.0,0.0,0.0,0,0,0,0,45,0,0,10,416,0,0,0,0,0,0,0,1,0,0,477.8,4.45,0.25,1
4,20,58.1,16.0,53.6,26.8,0,0,0,0,35,0,0,9,41,0,0,1,0,0,1,0,0,0,0,0.0,5.0,2.25,1
27,48,133.0,0.0,0.0,0.0,0,13,1,0,37,0,5,28,747,0,1,0,0,0,0,1,0,0,0,1330.0,1.77777777777778,1.03703703703704,1
47,245,751.6,0.0,0.0,0.0,0,8,1,0,60,0,0,25,1166,0,0,0,0,0,1,0,0,1,0,751.6,5.21276595744681,0.531914893617021,1
5,20,49.2,10.0,50.0,0.0,0,17,1,0,26,1,0,23,115,0,0,1,1,1,1,0,0,0,0,49.25,4.0,4.6,1
46,184,367.3,0.0,0.0,0.0,4,10,1,0,32,0,0,58,2665,0,0,0,0,1,1,0,0,1,0,367.3,4.0,1.26086956521739,1
12,72,150.3,0.0,0.0,0.0,3,3,1,0,45,0,0,19,223,0,0,0,0,0,1,0,0,0,0,150.3,6.0,1.58333333333333,1
6,19,48.3,0.0,0.0,0.0,2,12,1,0,42,0,0,32,192,0,0,0,0,0,1,0,0,0,0,48.3,3.16666666666667,5.33333333333333,1
65,179,847.6,130.0,1007.5,335.8,0,5,1,0,74,0,0,58,3803,1,0,1,0,1,0,0,1,1,0,0.0,2.75384615384615,0.892307692307692,1
19,95,169.5,76.0,197.6,39.5,1,5,1,0,41,0,0,48,899,0,0,1,0,0,1,0,0,0,0,0.0,5.0,2.52631578947368,1
4,10,19.3,0.0,0.0,0.0,0,0,0,0,23,1,0,9,34,0,0,0,0,0,1,0,0,0,0,19.3,2.5,2.25,1
38,180,414.3,152.0,497.8,248.9,0,0,0,0,48,0,5,13,481,0,1,1,0,0,0,1,0,1,0,0.0,4.73684210526316,0.342105263157895,1
21,66,167.1,0.0,0.0,0.0,0,26,1,0,33,0,0,23,474,0,0,0,0,1,0,1,0,1,0,167.1,3.14285714285714,1.0952380952381,1
45,106,224.0,0.0,0.0,3.8,5,6,1,0,78,0,0,19,853,1,0,0,0,0,1,0,0,1,0,2240.0,2.35555555555556,0.422222222222222,1
60,475,714.7,0.0,0.0,0.0,0,38,0,42,51,0,2,54,3232,0,1,0,0,1,0,0,1,1,0,714.7,7.91666666666667,0.9,1
69,345,1099.3,0.0,0.0,0.0,1,0,0,0,24,1,0,12,791,0,0,0,0,0,0,1,0,1,0,1099.3,5.0,0.173913043478261,1
69,374,962.2,0.0,0.0,0.0,0,10,1,0,36,0,0,55,3752,0,0,0,0,1,1,0,0,1,0,962.2,5.42028985507246,0.797101449275362,1
42,81,209.2,0.0,0.0,0.0,1,17,1,0,28,1,0,35,1476,0,0,0,0,1,1,0,0,1,0,209.2,1.92857142857143,0.833333333333333,1
18,97,277.0,0.0,0.0,0.0,0,0,0,0,46,0,0,7,125,0,0,0,0,0,1,0,0,0,0,2770.0,5.38888888888889,0.388888888888889,1
71,306,778.7,0.0,0.0,0.0,0,0,0,0,68,0,2,9,625,1,1,0,0,0,0,0,1,1,0,778.7,4.30985915492958,0.126760563380282,1
13,59,171.7,0.0,0.0,0.0,0,6,0,60,53,0,3,22,287,0,1,0,0,0,1,0,0,0,0,171.7,4.53846153846154,1.69230769230769,1
1,5,12.0,3.0,13.8,0.0,2,0,0,0,40,0,6,6,6,0,1,1,1,0,1,0,0,0,0,1213.8,5.0,6.0,0
1,8,15.0,0.0,0.0,0.0,0,11,1,0,69,0,0,41,41,1,0,0,0,0,0,1,0,1,0,150.0,8.0,41.0,1
19,86,299.3,0.0,0.0,0.0,0,4,1,0,67,0,0,46,864,1,0,0,0,0,1,0,0,0,0,299.3,4.52631578947368,2.42105263157895,1
2,4,12.0,12.0,20.4,4.1,0,6,1,0,37,0,0,24,47,0,0,1,0,0,1,0,0,1,0,1220.4,2.0,12.0,1
64,274,768.0,0.0,0.0,0.0,0,7,1,0,48,0,0,48,3049,0,0,0,0,1,1,0,0,0,0,7680.0,4.28125,0.75,1
63,333,1008.7,0.0,0.0,0.0,0,10,1,0,41,0,0,28,1785,0,0,0,0,1,0,0,1,0,0,1008.7,5.28571428571429,0.444444444444444,1
37,84,224.0,0.0,0.0,0.0,0,5,1,0,42,0,0,25,917,0,0,0,0,0,1,0,0,0,0,2240.0,2.27027027027027,0.675675675675676,1
72,127,360.9,288.0,720.0,0.0,0,2,1,0,83,0,0,37,2690,1,0,1,1,1,0,1,0,0,0,360.972,1.76388888888889,0.513888888888889,1
15,78,166.4,0.0,0.0,0.0,1,12,1,0,84,0,0,28,422,1,0,0,0,0,0,0,1,1,0,166.4,5.2,1.86666666666667,1
48,195,483.6,0.0,0.0,0.0,1,18,1,0,54,0,2,31,1476,0,1,0,0,0,1,0,0,1,0,483.6,4.0625,0.645833333333333,1
52,127,366.9,208.0,660.4,330.2,0,7,0,69,44,0,0,25,1295,0,0,1,0,0,0,1,0,0,0,0.0,2.44230769230769,0.480769230769231,1
4,15,35.2,0.0,0.0,0.0,0,26,1,0,30,0,3,28,109,0,1,0,0,1,1,0,0,0,0,35.2,3.75,7.0,1
15,131,245.7,0.0,0.0,0.0,1,3,1,0,55,0,0,31,476,0,0,0,0,0,0,1,0,0,0,245.7,8.73333333333333,2.06666666666667,1
17,119,251.9,0.0,0.0,0.0,0,5,1,0,40,0,6,49,815,0,1,0,0,1,1,0,0,0,0,251.9,7.0,2.88235294117647,1
22,68,154.0,0.0,0.0,0.0,0,5,1,0,53,0,0,40,889,0,0,0,0,1,0,1,0,1,0,1540.0,3.09090909090909,1.81818181818182,1
41,220,607.7,123.0,430.5,107.6,1,0,0,0,25,1,0,13,524,0,0,1,0,0,0,0,1,0,1,0.0,5.36585365853659,0.317073170731707,1
3,5,15.3,0.0,0.0,0.0,4,7,1,0,48,0,0,44,134,0,0,0,1,1,1,0,0,1,0,15.3,1.66666666666667,14.6666666666667,1
59,252,880.8,0.0,0.0,0.0,2,1,1,0,67,0,0,50,2958,1,0,0,0,0,0,1,0,1,0,880.8,4.27118644067797,0.847457627118644,1
21,59,150.2,0.0,0.0,0.0,0,0,0,0,46,0,2,10,215,0,1,0,0,0,1,0,0,0,0,150.2,2.80952380952381,0.476190476190476,1
15,83,243.2,60.0,214.5,107.3,2,13,1,0,21,1,0,33,495,0,0,1,0,0,1,0,0,1,0,0.0,5.53333333333333,2.2,1
69,389,966.2,276.0,731.4,146.3,0,7,1,0,53,0,2,44,3037,0,1,1,0,0,0,0,1,1,0,0.0,5.63768115942029,0.63768115942029,1
39,184,630.1,0.0,0.0,0.0,0,9,1,0,65,0,0,35,1372,1,0,0,0,0,1,0,0,0,0,630.1,4.71794871794872,0.897435897435897,1
42,138,339.8,0.0,0.0,0.0,0,3,1,0,62,0,0,35,1481,0,0,0,0,0,0,0,1,1,0,339.8,3.28571428571429,0.833333333333333,1
35,102,313.4,0.0,0.0,0.0,0,7,0,38,37,0,0,27,956,0,0,0,0,0,1,0,0,1,0,313.4,2.91428571428571,0.771428571428571,1
21,67,184.7,84.0,170.1,42.5,5,2,1,0,50,0,0,52,1063,0,0,1,0,1,1,0,0,1,0,0.0,3.19047619047619,2.47619047619048,1
24,164,329.4,0.0,0.0,0.0,2,0,0,0,54,0,0,11,255,0,0,0,0,0,0,1,0,0,0,329.4,6.83333333333333,0.458333333333333,1
51,218,459.7,255.0,627.3,125.5,1,6,1,0,51,0,0,49,2480,0,0,1,0,0,0,1,0,0,0,0.0,4.27450980392157,0.96078431372549,1
5,29,76.3,25.0,41.0,13.7,0,0,0,0,47,0,0,7,36,0,0,1,0,0,1,0,0,0,0,76.341,5.8,1.4,1
14,36,110.3,70.0,184.8,0.0,0,0,0,0,53,0,2,7,96,0,1,1,1,0,1,0,0,0,1,0.0,2.57142857142857,0.5,1
61,230,552.3,0.0,0.0,0.0,1,6,1,0,34,0,0,52,3170,0,0,0,0,1,0,0,1,1,0,552.3,3.77049180327869,0.852459016393443,1
71,379,1067.1,0.0,0.0,0.0,0,12,1,0,42,0,0,55,3917,0,0,0,0,1,0,0,1,0,0,1067.1,5.33802816901408,0.774647887323944,1
72,409,1082.2,0.0,0.0,0.0,0,6,1,0,50,0,0,49,3551,0,0,0,0,0,0,0,1,1,0,1082.2,5.68055555555556,0.680555555555556,1
47,268,754.5,0.0,0.0,0.0,0,8,1,0,80,0,0,35,1660,1,0,0,0,1,0,1,0,1,0,754.5,5.70212765957447,0.74468085106383,1
2,8,19.3,0.0,0.0,0.0,4,4,1,0,63,0,0,59,113,0,0,0,0,0,1,0,0,1,0,19.3,4.0,29.5,1
59,219,468.4,0.0,0.0,0.0,0,0,0,0,62,0,0,12,719,0,0,0,0,0,0,1,0,0,1,468.4,3.71186440677966,0.203389830508475,1
54,312,816.9,216.0,496.8,165.6,2,2,1,0,74,0,0,63,3455,1,0,1,0,0,1,0,0,1,0,0.0,5.77777777777778,1.16666666666667,1
52,310,726.9,0.0,0.0,0.0,0,1,1,0,41,0,0,24,1254,0,0,0,0,1,0,1,0,1,0,726.9,5.96153846153846,0.461538461538462,1
71,507,1071.9,213.0,702.9,0.0,0,0,0,0,33,0,0,15,1076,0,0,1,1,0,0,0,1,0,0,0.0,7.14084507042254,0.211267605633803,1
3,5,12.9,25.2,77.49,13.8,2,9,1,0,71,0,0,25,81,1,0,1,0,1,1,0,0,1,0,0.0,1.66666666666667,8.33333333333333,1
17,107,241.1,68.0,205.7,68.6,4,4,1,0,58,0,0,38,663,0,0,1,0,1,1,0,0,1,0,0.0,6.29411764705882,2.23529411764706,1
28,151,335.4,112.0,184.8,46.2,0,4,1,0,77,0,0,53,1471,1,0,1,0,1,1,0,0,0,0,0.0,5.39285714285714,1.89285714285714,1
57,330,859.6,342.0,729.6,243.2,0,15,1,0,71,0,0,29,1659,1,0,1,0,1,0,0,1,1,0,0.0,5.78947368421053,0.508771929824561,1
72,418,1078.1,0.0,0.0,0.0,1,0,0,0,22,1,4,10,736,0,1,0,0,0,0,0,1,0,0,1078.1,5.80555555555556,0.138888888888889,1
65,287,914.5,195.0,916.5,229.1,2,4,1,0,64,0,0,31,2057,0,0,1,0,1,0,1,0,0,0,0.0,4.41538461538462,0.476923076923077,1
49,70,247.1,0.0,0.0,0.0,0,3,1,0,49,0,0,57,2839,0,0,0,0,0,0,1,0,0,0,247.1,1.42857142857143,1.16326530612245,1
16,54,111.0,112.0,118.4,23.7,2,2,1,0,79,0,0,42,662,1,0,1,0,0,1,0,0,0,0,111118.4,3.375,2.625,0
67,467,875.9,268.0,536.0,178.7,0,11,1,0,45,0,0,41,2793,0,0,1,0,1,0,0,1,0,0,875.9536,6.97014925373134,0.611940298507463,1
1,4,11.0,4.0,15.0,3.0,2,0,0,0,58,0,2,10,10,0,1,1,0,0,1,0,0,0,1,1115.0,4.0,10.0,0
14,83,208.4,0.0,0.0,0.0,0,0,0,0,38,0,0,9,130,0,0,0,0,0,0,1,0,0,1,208.4,5.92857142857143,0.642857142857143,1
24,76,188.1,0.0,0.0,0.0,0,0,0,0,54,0,3,7,167,0,1,0,0,0,0,1,0,0,0,188.1,3.16666666666667,0.291666666666667,1
18,59,145.4,72.0,221.4,110.7,0,0,0,0,45,0,0,12,215,0,0,1,0,0,1,0,0,0,0,0.0,3.27777777777778,0.666666666666667,1
7,28,52.5,0.0,0.0,0.0,3,21,0,4,23,1,0,38,248,0,0,0,0,0,1,0,0,0,1,52.5,4.0,5.42857142857143,1
70,228,562.3,280.0,1001.0,200.2,0,23,0,53,24,1,3,52,3620,0,1,1,0,1,0,0,1,1,0,562.31001,3.25714285714286,0.742857142857143,1
1,6,16.0,0.0,0.0,0.0,1,4,1,0,47,0,0,33,33,0,0,0,0,0,1,0,0,1,0,160.0,6.0,33.0,1
67,488,931.2,0.0,0.0,0.0,0,4,1,0,42,0,2,30,1994,0,1,0,0,0,0,1,0,0,0,931.2,7.28358208955224,0.447761194029851,1
30,144,274.1,0.0,0.0,0.0,0,8,1,0,68,0,2,31,938,1,1,0,0,0,0,1,0,0,1,274.1,4.8,1.03333333333333,1
6,11,30.2,0.0,0.0,0.0,0,15,1,0,22,1,6,12,72,0,1,0,0,0,1,0,0,1,0,30.2,1.83333333333333,2.0,1
2,21,40.0,0.0,0.0,0.0,0,1,1,0,59,0,0,45,112,0,0,0,0,0,1,0,0,1,0,400.0,10.5,22.5,1
68,235,612.8,0.0,0.0,0.0,0,6,1,0,43,0,2,42,2830,0,1,0,0,1,0,0,1,0,0,612.8,3.45588235294118,0.617647058823529,1
69,123,275.7,0.0,0.0,0.0,0,13,1,0,21,1,0,34,2373,0,0,0,0,1,0,0,1,1,0,275.7,1.78260869565217,0.492753623188406,1
54,161,322.4,0.0,0.0,0.0,0,7,1,0,50,0,0,21,1119,0,0,0,0,0,0,1,0,1,0,322.4,2.98148148148148,0.388888888888889,1
67,104,269.8,0.0,0.0,0.0,3,13,1,0,66,0,0,38,2538,1,0,0,0,1,1,0,0,1,0,269.8,1.55223880597015,0.567164179104478,1
27,42,108.3,0.0,0.0,0.0,0,5,1,0,60,0,0,33,900,0,0,0,0,1,1,0,0,0,0,108.3,1.55555555555556,1.22222222222222,1
1,2,6.0,0.0,0.0,0.0,3,0,0,0,30,0,0,9,9,0,0,0,0,0,1,0,0,0,1,60.0,2.0,9.0,1
13,59,175.6,0.0,0.0,0.0,0,8,1,0,39,0,0,38,475,0,0,0,0,0,1,0,0,1,0,175.6,4.53846153846154,2.92307692307692,1
4,18,42.4,0.0,0.0,0.0,1,0,0,0,50,0,0,13,50,0,0,0,0,0,0,1,0,1,0,42.4,4.5,3.25,1
71,195,635.3,213.0,844.9,169.0,0,0,0,0,44,0,0,9,656,0,0,1,0,0,0,0,1,1,0,0.0,2.74647887323944,0.126760563380282,1
52,313,775.8,0.0,0.0,0.0,0,6,1,0,43,0,0,31,1585,0,0,0,0,1,0,0,1,1,0,775.8,6.01923076923077,0.596153846153846,1
43,106,256.5,0.0,0.0,0.0,3,3,0,58,50,0,2,46,1955,0,1,0,0,0,0,1,0,0,0,256.5,2.46511627906977,1.06976744186047,1
1,5,13.0,4.0,8.0,1.6,0,3,1,0,68,0,0,32,32,1,0,1,0,0,1,0,0,1,0,138.0,5.0,32.0,1
16,40,97.5,0.0,0.0,0.0,0,1,1,0,40,0,0,44,720,0,0,0,0,1,0,1,0,1,0,97.5,2.5,2.75,1
30,85,272.1,0.0,0.0,0.0,0,0,0,0,34,0,0,12,362,0,0,0,0,0,1,0,0,1,0,272.1,2.83333333333333,0.4,1
66,227,594.2,0.0,0.0,0.0,2,11,1,0,68,0,2,30,1970,1,1,0,0,1,0,1,0,1,0,594.2,3.43939393939394,0.454545454545455,1
18,79,183.1,36.0,171.0,0.0,0,17,1,0,28,1,6,11,203,0,1,1,1,0,1,0,0,0,0,183.1171,4.38888888888889,0.611111111111111,1
31,80,156.0,62.0,260.4,65.1,3,38,1,0,24,1,0,38,1186,0,0,1,0,0,0,1,0,0,0,156260.4,2.58064516129032,1.2258064516129,0
1,6,15.0,0.0,0.0,0.0,1,3,1,0,53,0,0,27,27,0,0,0,0,0,1,0,0,1,0,150.0,6.0,27.0,1
1,4,12.0,0.0,0.0,0.0,1,6,1,0,76,0,5,14,14,1,1,0,0,0,1,0,0,0,0,120.0,4.0,14.0,1
38,176,526.6,0.0,0.0,0.0,0,18,1,0,20,1,0,47,1762,0,0,0,0,0,1,0,0,0,0,526.6,4.63157894736842,1.23684210526316,1
70,119,351.4,0.0,0.0,0.0,0,6,1,0,30,0,3,27,1894,0,1,0,0,0,0,0,1,1,0,351.4,1.7,0.385714285714286,1
28,75,279.1,168.0,308.0,154.0,3,8,1,0,39,0,0,39,1080,0,0,1,0,0,1,0,0,1,0,279.1308,2.67857142857143,1.39285714285714,1
3,6,15.3,15.0,16.2,3.2,4,6,0,11,46,0,2,16,50,0,1,1,0,0,1,0,0,0,0,0.0,2.0,5.33333333333333,1
2,4,9.9,8.0,23.6,7.9,0,0,0,0,36,0,5,10,19,0,1,1,0,0,1,0,0,0,0,0.0,2.0,5.0,1
58,135,349.6,232.0,539.4,179.8,0,4,1,0,34,0,2,42,2465,0,1,1,0,0,0,1,0,1,0,0.0,2.32758620689655,0.724137931034483,1
62,239,557.1,248.0,818.4,409.2,1,0,0,0,54,0,0,8,487,0,0,1,0,0,0,0,1,1,0,0.0,3.85483870967742,0.129032258064516,1
1,4,10.0,0.0,0.0,0.0,2,3,1,0,80,0,0,37,37,1,0,0,0,0,1,0,0,0,0,100.0,4.0,37.0,1
72,414,1149.2,288.0,633.6,316.8,0,0,0,0,27,1,0,10,742,0,0,1,0,0,0,0,1,1,0,0.0,5.75,0.138888888888889,1
24,90,212.8,120.0,146.4,48.8,0,17,1,0,27,1,0,10,242,0,0,1,0,1,1,0,0,1,0,0.0,3.75,0.416666666666667,1
43,93,345.3,0.0,0.0,0.0,0,3,1,0,80,0,0,69,2969,1,0,0,0,1,0,0,1,1,0,345.3,2.16279069767442,1.6046511627907,1
46,200,464.5,144.0,568.8,284.4,4,15,1,0,78,0,0,60,2805,1,0,1,0,0,0,1,0,0,0,0.0,4.34782608695652,1.30434782608696,1
33,115,332.9,0.0,0.0,0.0,0,2,0,12,75,0,2,57,1887,1,1,0,0,1,1,0,0,1,0,332.9,3.48484848484848,1.72727272727273,1
52,490,830.8,416.0,546.0,273.0,0,6,1,0,46,0,0,51,2655,0,0,1,0,1,0,1,0,1,0,830.8546,9.42307692307692,0.980769230769231,1
1,5,9.0,0.0,0.0,0.0,2,5,1,0,69,0,0,34,34,1,0,0,1,0,1,0,0,1,0,90.0,5.0,34.0,1
14,50,165.2,0.0,0.0,0.0,4,5,1,0,78,0,0,32,435,1,0,0,0,0,1,0,0,0,0,165.2,3.57142857142857,2.28571428571429,1
11,67,161.8,0.0,0.0,0.0,2,8,0,0,32,0,6,22,241,0,1,0,1,0,1,0,0,1,0,161.8,6.09090909090909,2.0,1
31,176,400.9,124.0,372.0,124.0,0,12,1,0,29,1,0,41,1277,0,0,1,0,1,1,0,0,0,0,400.9372,5.67741935483871,1.32258064516129,1
1,3,6.0,0.0,0.0,0.0,0,0,0,0,23,1,3,10,10,0,1,0,0,0,1,0,0,0,0,60.0,3.0,10.0,1
67,157,602.0,268.0,763.8,381.9,0,5,1,0,56,0,6,31,2070,0,1,1,0,0,0,0,1,1,0,602763.8,2.34328358208955,0.462686567164179,0
31,183,458.5,124.0,356.5,178.3,5,17,0,74,32,0,0,25,775,0,0,1,0,1,1,0,0,0,0,0.0,5.90322580645161,0.806451612903226,1
70,189,629.1,350.0,861.0,430.5,0,15,1,0,23,1,0,24,1695,0,0,1,0,1,0,0,1,0,0,629.1861,2.7,0.342857142857143,1
62,75,246.9,0.0,0.0,0.0,0,3,1,0,82,0,0,61,3759,1,0,0,0,1,0,1,0,0,0,246.9,1.20967741935484,0.983870967741935,1
71,359,706.5,0.0,0.0,0.0,0,2,0,16,54,0,0,52,3650,0,0,0,0,1,0,0,1,1,0,706.5,5.05633802816901,0.732394366197183,1
8,47,105.0,32.0,96.8,0.0,0,5,1,0,50,0,0,16,122,0,0,1,1,1,0,1,0,0,0,10596.8,5.875,2.0,0
63,136,250.0,0.0,0.0,0.0,1,2,1,0,47,0,0,60,3725,0,0,0,0,1,1,0,0,1,0,2500.0,2.15873015873016,0.952380952380952,1
59,125,237.7,0.0,0.0,0.0,0,10,1,0,36,0,0,57,3391,0,0,0,0,0,0,1,0,1,0,237.7,2.11864406779661,0.966101694915254,1
50,86,251.8,0.0,0.0,0.0,3,7,1,0,53,0,0,41,2086,0,0,0,1,0,1,0,0,1,0,251.8,1.72,0.82,1
74,374,890.1,222.0,555.0,111.0,0,13,1,0,21,1,0,50,3727,0,0,1,0,1,0,0,1,1,0,890.1555,5.05405405405405,0.675675675675676,1
1,2,7.0,4.0,12.0,6.0,0,0,0,0,24,1,0,12,12,0,0,1,0,0,1,0,0,1,0,712.0,2.0,12.0,1
49,173,388.7,0.0,0.0,0.0,0,5,1,0,47,0,3,22,1091,0,1,0,0,0,0,0,1,1,0,388.7,3.53061224489796,0.448979591836735,1
22,31,88.4,0.0,0.0,0.0,2,28,1,0,22,1,0,28,624,0,0,0,0,1,0,1,0,1,0,88.4,1.40909090909091,1.27272727272727,1
3,16,39.5,0.0,0.0,0.0,2,10,1,0,19,1,0,18,54,0,0,0,0,0,1,0,0,0,0,39.5,5.33333333333333,6.0,1
43,57,170.1,0.0,0.0,0.0,0,4,1,0,56,0,0,61,2573,0,0,0,0,1,1,0,0,1,0,170.1,1.32558139534884,1.41860465116279,1
16,35,97.3,64.0,172.8,43.2,1,2,1,0,37,0,0,37,593,0,0,1,0,0,1,0,0,1,0,0.0,2.1875,2.3125,1
17,66,155.2,0.0,0.0,0.0,0,6,0,13,46,0,0,37,637,0,0,0,0,0,1,0,0,0,0,155.2,3.88235294117647,2.17647058823529,1
13,32,103.9,0.0,0.0,0.0,0,18,1,0,30,0,0,26,340,0,0,0,0,0,1,0,0,1,0,103.9,2.46153846153846,2.0,1
21,53,165.6,0.0,0.0,0.0,0,0,0,0,47,0,0,8,171,0,0,0,0,0,0,1,0,0,0,165.6,2.52380952380952,0.380952380952381,1
1,5,12.0,2.0,12.1,0.0,0,0,0,0,48,0,0,7,7,0,0,1,1,0,1,0,0,0,0,1212.1,5.0,7.0,0
49,246,740.8,0.0,0.0,0.0,0,0,0,0,45,0,4,8,417,0,1,0,0,0,0,0,1,0,0,740.8,5.02040816326531,0.163265306122449,1
47,129,419.0,0.0,0.0,0.0,0,0,0,0,25,1,0,12,548,0,0,0,0,0,0,1,0,1,0,4190.0,2.74468085106383,0.25531914893617,1
72,492,1151.1,288.0,712.8,356.4,0,9,1,0,79,0,0,60,4282,1,0,1,0,1,0,0,1,0,0,0.0,6.83333333333333,0.833333333333333,1
47,150,281.4,0.0,0.0,0.0,0,0,0,0,21,1,0,12,564,0,0,0,0,0,0,0,1,1,0,281.4,3.19148936170213,0.25531914893617,1
7,32,65.9,70.0,70.0,0.0,1,0,0,0,51,0,0,8,55,0,0,1,1,0,0,1,0,0,0,65.97,4.57142857142857,1.14285714285714,1
49,186,440.2,98.0,475.3,237.7,2,12,0,13,60,0,0,33,1615,0,0,1,0,0,1,0,0,0,0,0.0,3.79591836734694,0.673469387755102,1
18,36,73.8,0.0,0.0,0.0,0,0,0,0,56,0,0,12,230,0,0,0,0,0,0,0,1,0,0,73.8,2.0,0.666666666666667,1
72,319,789.3,216.0,972.0,194.4,2,14,1,0,51,0,0,26,1887,0,0,1,0,1,0,0,1,0,0,789.3972,4.43055555555556,0.361111111111111,1
57,288,803.4,342.0,632.7,316.4,0,37,1,0,26,1,3,51,2903,0,1,1,0,1,0,1,0,0,0,0.0,5.05263157894737,0.894736842105263,1
32,64,126.1,256.0,265.6,0.0,0,9,0,32,59,0,0,30,960,0,0,1,1,1,0,0,1,0,0,0.0,2.0,0.9375,1
70,457,845.5,0.0,0.0,0.0,0,6,1,0,63,0,0,45,3191,0,0,0,0,0,0,0,1,1,0,845.5,6.52857142857143,0.642857142857143,1
59,342,946.8,236.0,790.6,395.3,0,6,1,0,65,0,6,36,2112,1,1,1,0,1,0,1,0,0,0,0.0,5.79661016949153,0.610169491525424,1
64,292,967.4,0.0,0.0,0.0,0,37,1,0,23,1,0,45,2886,0,0,0,0,1,0,1,0,1,0,967.4,4.5625,0.703125,1
23,110,326.8,138.0,285.2,71.3,0,15,1,0,71,0,0,37,854,1,0,1,0,1,1,0,0,1,0,0.0,4.78260869565217,1.60869565217391,1
70,373,1113.4,0.0,0.0,0.0,0,4,1,0,49,0,5,43,3012,0,1,0,0,1,0,0,1,0,0,1113.4,5.32857142857143,0.614285714285714,1
7,11,39.4,14.0,50.4,0.0,2,7,1,0,34,0,0,45,294,0,0,1,1,1,1,0,0,1,0,0.0,1.57142857142857,6.42857142857143,1
69,204,554.1,828.0,855.6,285.2,0,15,0,45,23,1,0,50,3493,0,0,1,0,1,0,0,1,0,0,0.0,2.95652173913043,0.72463768115942,1
1,4,12.0,4.0,11.0,5.5,5,0,0,0,23,1,0,10,10,0,0,1,0,0,1,0,0,0,1,1211.0,4.0,10.0,1
8,14,40.3,0.0,0.0,0.0,0,9,0,14,58,0,0,36,287,0,0,0,0,0,0,1,0,1,0,40.3,1.75,4.5,1
60,98,302.1,240.0,1074.0,0.0,2,0,0,0,25,1,0,15,920,0,0,1,1,0,0,0,1,0,0,302.11074,1.63333333333333,0.25,1
11,56,152.6,44.0,135.3,0.0,1,0,0,0,53,0,4,10,109,0,1,1,1,0,1,0,0,0,0,0.0,5.09090909090909,0.909090909090909,1
67,437,1012.1,0.0,0.0,0.0,2,21,1,0,29,1,0,57,3862,0,0,0,0,1,0,0,1,1,0,1012.1,6.52238805970149,0.850746268656716,1
21,63,170.1,126.0,151.2,75.6,1,6,1,0,45,0,0,27,578,0,0,1,0,0,1,0,0,1,0,0.0,3.0,1.28571428571429,1
1,7,10.0,0.0,0.0,0.0,1,8,1,0,74,0,0,40,40,1,0,0,0,0,1,0,0,1,0,100.0,7.0,40.0,1
1,4,10.0,0.0,0.0,0.0,3,0,0,0,33,0,0,11,11,0,0,0,0,0,1,0,0,1,0,100.0,4.0,11.0,1
40,93,280.5,0.0,0.0,0.0,0,0,1,0,68,0,0,39,1579,1,0,0,0,0,0,0,1,1,0,280.5,2.325,0.975,1
2,11,25.2,0.0,0.0,90.8,1,37,1,0,22,1,0,25,52,0,0,0,0,0,1,0,0,0,0,25.2,5.5,12.5,1
60,100,240.2,180.0,828.0,414.0,2,6,0,18,41,0,0,30,1829,0,0,1,0,0,0,1,0,0,0,240.2828,1.66666666666667,0.5,1
43,114,298.8,172.0,494.5,98.9,0,9,1,0,22,1,4,44,1885,0,1,1,0,1,0,1,0,0,0,0.0,2.65116279069767,1.02325581395349,1
43,159,513.9,172.0,606.3,202.1,1,12,1,0,21,1,0,31,1325,0,0,1,0,1,0,1,0,0,0,0.0,3.69767441860465,0.720930232558139,1
47,255,605.7,0.0,0.0,0.0,0,7,1,0,33,0,0,46,2147,0,0,0,0,1,0,1,0,0,0,605.7,5.42553191489362,0.978723404255319,1
52,283,682.5,156.0,691.6,0.0,0,2,1,0,80,0,0,45,2382,1,0,1,1,0,0,0,1,1,0,0.0,5.44230769230769,0.865384615384615,1
21,98,270.2,168.0,239.4,79.8,1,4,1,0,48,0,0,41,845,0,0,1,0,1,1,0,0,0,1,0.0,4.66666666666667,1.95238095238095,1
1,2,5.0,0.0,0.0,0.0,0,0,0,0,22,1,0,9,9,0,0,0,0,0,1,0,0,0,0,50.0,2.0,9.0,1
40,112,282.6,40.0,260.0,130.0,1,8,1,0,71,0,0,67,2706,1,0,1,0,1,0,1,0,0,0,282.626,2.8,1.675,1
3,13,31.7,0.0,0.0,0.0,2,2,1,0,49,0,0,59,168,0,0,0,0,0,1,0,0,1,0,31.7,4.33333333333333,19.6666666666667,1
7,10,28.3,0.0,0.0,0.0,0,0,0,0,53,0,0,8,55,0,0,0,0,0,0,0,1,0,0,28.3,1.42857142857143,1.14285714285714,1
16,96,261.9,48.0,91.2,45.6,4,3,1,0,45,0,0,44,723,0,0,1,0,0,1,0,0,1,0,0.0,6.0,2.75,1
46,144,273.9,92.0,427.8,85.6,2,10,1,0,37,0,0,44,1986,0,0,1,0,1,0,1,0,1,0,0.0,3.1304347826087,0.956521739130435,1
70,187,492.5,0.0,0.0,0.0,0,9,1,0,35,0,0,24,1715,0,0,0,0,1,0,0,1,1,0,492.5,2.67142857142857,0.342857142857143,1
26,117,358.0,0.0,0.0,0.0,2,14,1,0,59,0,0,46,1172,0,0,0,0,1,1,0,0,1,0,3580.0,4.5,1.76923076923077,1
27,274,438.6,216.0,294.3,147.2,0,14,1,0,46,0,0,22,613,0,0,1,0,0,0,1,0,0,0,0.0,10.1481481481481,0.814814814814815,1
62,297,619.6,0.0,0.0,0.0,0,5,1,0,60,0,6,49,3021,0,1,0,0,1,0,0,1,1,0,619.6,4.79032258064516,0.790322580645161,1
72,363,1005.1,0.0,0.0,0.0,0,1,1,0,57,0,0,48,3476,0,0,0,0,1,0,0,1,1,0,1005.1,5.04166666666667,0.666666666666667,1
51,213,662.2,0.0,0.0,0.0,0,2,1,0,55,0,0,27,1372,0,0,0,0,0,1,0,0,1,0,662.2,4.17647058823529,0.529411764705882,1
3,10,31.2,0.0,0.0,0.0,0,0,0,0,51,0,3,5,15,0,1,0,0,0,1,0,0,0,0,31.2,3.33333333333333,1.66666666666667,1
1,2,4.0,0.0,0.0,0.0,4,3,1,0,80,0,0,34,34,1,0,0,0,0,1,0,0,1,0,40.0,2.0,34.0,1
12,22,61.3,0.0,0.0,0.0,3,2,1,0,39,0,0,31,383,0,0,0,1,1,1,0,0,1,0,61.3,1.83333333333333,2.58333333333333,1
2,6,12.8,0.0,0.0,0.0,0,28,1,0,22,1,0,44,81,0,0,0,0,0,1,0,0,1,0,12.8,3.0,22.0,1
60,268,598.0,0.0,0.0,0.0,0,7,1,0,53,0,0,50,2983,0,0,0,0,1,1,0,0,1,0,5980.0,4.46666666666667,0.833333333333333,1
1,2,6.0,0.0,0.0,0.0,0,0,0,0,34,0,0,11,11,0,0,0,0,0,1,0,0,1,0,60.0,2.0,11.0,1
72,188,651.4,360.0,856.8,428.4,0,15,1,0,45,0,0,56,4088,0,0,1,0,1,0,0,1,1,0,0.0,2.61111111111111,0.777777777777778,1
1,6,12.0,0.0,0.0,0.0,0,0,0,0,59,0,2,8,8,0,1,0,0,0,0,1,0,0,0,120.0,6.0,8.0,1
3,5,12.6,0.0,0.0,0.0,0,0,0,0,56,0,5,6,16,0,1,0,0,0,1,0,0,0,0,12.6,1.66666666666667,2.0,1
69,323,902.6,0.0,0.0,0.0,3,6,1,0,47,0,0,47,3287,0,0,0,0,1,0,0,1,1,0,902.6,4.68115942028986,0.681159420289855,1
24,117,313.5,0.0,0.0,0.0,2,0,0,0,32,0,0,11,273,0,0,0,0,0,1,0,0,0,0,313.5,4.875,0.458333333333333,1
2,6,13.6,8.0,18.2,0.0,0,8,1,0,71,0,0,16,32,1,0,1,1,0,1,0,0,1,0,0.0,3.0,8.0,1
33,154,394.8,0.0,0.0,0.0,0,15,1,0,71,0,0,34,1104,1,0,0,0,0,0,0,1,0,0,394.8,4.66666666666667,1.03030303030303,1
1,5,13.0,0.0,0.0,0.0,2,1,1,0,58,0,0,41,41,0,0,0,0,0,1,0,0,1,0,130.0,5.0,41.0,1
1,3,8.0,0.0,0.0,0.0,0,0,0,0,37,0,0,11,11,0,0,0,0,0,1,0,0,1,0,80.0,3.0,11.0,1
71,454,996.0,0.0,0.0,0.0,0,5,1,0,34,0,2,48,3437,0,1,0,0,1,0,0,1,0,0,9960.0,6.3943661971831,0.676056338028169,1
56,148,504.5,0.0,0.0,0.0,0,0,0,0,42,0,0,13,722,0,0,0,0,0,0,0,1,1,0,504.5,2.64285714285714,0.232142857142857,1
69,149,414.3,276.0,772.8,193.2,0,4,1,0,43,0,5,32,2185,0,1,1,0,0,0,0,1,1,0,0.0,2.15942028985507,0.463768115942029,1
10,61,130.2,60.0,96.0,32.0,1,4,1,0,80,0,0,47,473,1,0,1,0,0,1,0,0,1,0,130.296,6.1,4.7,1
46,123,506.4,0.0,0.0,0.0,0,0,0,0,60,0,0,7,313,0,0,0,0,0,0,1,0,1,0,506.4,2.67391304347826,0.152173913043478,1
59,300,587.5,0.0,0.0,0.0,0,0,0,0,39,0,0,11,674,0,0,0,0,0,0,0,1,1,0,587.5,5.08474576271186,0.186440677966102,1
46,207,507.2,0.0,0.0,0.0,0,0,0,0,29,1,0,11,506,0,0,0,0,0,0,0,1,1,0,507.2,4.5,0.239130434782609,1
70,520,1124.4,0.0,0.0,0.0,0,0,0,0,25,1,3,7,490,0,1,0,0,0,0,0,1,1,0,1124.4,7.42857142857143,0.1,1
5,33,72.6,20.0,55.0,27.5,2,5,1,0,47,0,0,51,266,0,0,1,0,0,1,0,0,0,1,72.655,6.6,10.2,1
16,49,110.2,0.0,0.0,0.0,1,15,0,62,29,1,0,42,664,0,0,0,0,0,1,0,0,1,0,110.2,3.0625,2.625,1
4,15,41.9,0.0,0.0,0.0,0,4,1,0,31,0,0,55,229,0,0,0,1,0,1,0,0,1,0,41.9,3.75,13.75,1
22,114,261.5,0.0,0.0,0.0,0,0,0,0,37,0,2,10,208,0,1,0,0,0,1,0,0,0,0,261.5,5.18181818181818,0.454545454545455,1
14,59,143.7,0.0,0.0,0.0,0,0,0,0,23,1,0,8,113,0,0,0,0,0,0,1,0,0,0,143.7,4.21428571428571,0.571428571428571,1
54,314,749.1,0.0,0.0,0.0,0,7,1,0,69,0,0,36,1945,1,0,0,0,1,0,1,0,1,0,749.1,5.81481481481481,0.666666666666667,1
73,170,366.6,0.0,0.0,0.0,0,16,1,0,29,1,0,36,2676,0,0,0,0,1,0,1,0,0,0,366.6,2.32876712328767,0.493150684931507,1
73,264,808.4,0.0,0.0,0.0,0,4,1,0,40,0,4,34,2475,0,1,0,0,1,0,0,1,0,0,808.4,3.61643835616438,0.465753424657534,1
65,113,326.6,0.0,0.0,0.0,0,0,0,0,46,0,2,10,630,0,1,0,0,0,0,0,1,1,0,326.6,1.73846153846154,0.153846153846154,1
70,418,977.8,30.2526,48.40416,16.9,2,5,0,56,61,0,0,26,1827,0,0,1,0,1,0,1,0,1,0,0.0,5.97142857142857,0.371428571428571,1
4,9,24.6,0.0,0.0,0.0,1,0,0,0,64,0,0,10,34,0,0,0,0,0,0,1,0,0,1,24.6,2.25,2.5,1
10,46,100.3,0.0,0.0,0.0,2,41,0,50,26,1,0,41,410,0,0,0,0,0,1,0,0,1,0,100.3,4.6,4.1,1
21,64,209.7,0.0,0.0,0.0,5,4,0,43,37,0,0,26,551,0,0,0,0,0,0,1,0,0,1,209.7,3.04761904761905,1.23809523809524,1
71,230,706.8,0.0,0.0,0.0,1,2,1,0,30,0,0,23,1601,0,0,0,0,0,0,0,1,0,0,706.8,3.23943661971831,0.323943661971831,1
67,291,602.3,0.0,0.0,0.0,2,0,0,0,37,0,0,8,547,0,0,0,0,0,0,0,1,0,0,602.3,4.34328358208955,0.119402985074627,1
59,212,351.6,0.0,0.0,0.0,2,2,1,0,55,0,0,59,3446,0,0,0,0,0,0,0,1,0,0,351.6,3.59322033898305,1.0,1
71,181,500.1,0.0,0.0,0.0,0,0,0,0,47,0,0,12,891,0,0,0,0,0,0,0,1,1,0,500.1,2.54929577464789,0.169014084507042,1
43,192,425.3,0.0,0.0,0.0,2,8,1,0,25,1,0,48,2061,0,0,0,0,1,0,1,0,1,0,425.3,4.46511627906977,1.11627906976744,1
60,222,665.1,420.0,864.0,0.0,0,0,0,0,43,0,3,9,528,0,1,1,1,0,0,0,1,0,0,665.1864,3.7,0.15,1
63,199,626.3,378.0,875.7,175.1,0,4,1,0,49,0,0,55,3450,0,0,1,0,1,1,0,0,0,0,0.0,3.15873015873016,0.873015873015873,1
69,448,1033.1,0.0,0.0,0.0,0,0,0,0,23,1,0,15,1059,0,0,0,0,0,0,0,1,0,0,1033.1,6.49275362318841,0.217391304347826,1
35,163,381.6,70.0,336.0,0.0,1,0,0,0,38,0,2,8,261,0,1,1,1,0,1,0,0,0,0,381.6336,4.65714285714286,0.228571428571429,1
68,303,682.1,0.0,0.0,0.0,0,0,0,0,24,1,0,14,964,0,0,0,0,0,0,0,1,0,0,682.1,4.45588235294118,0.205882352941176,1
42,191,459.8,168.0,617.4,154.4,3,4,0,81,61,0,0,64,2695,0,0,1,0,1,1,0,0,1,0,0.0,4.54761904761905,1.52380952380952,1
58,142,407.6,0.0,0.0,0.0,0,3,1,0,77,0,0,46,2704,1,0,0,0,1,0,1,0,0,0,407.6,2.44827586206897,0.793103448275862,1
47,131,326.1,0.0,0.0,0.0,2,4,1,0,83,0,0,51,2376,1,0,0,0,1,1,0,0,1,0,326.1,2.78723404255319,1.08510638297872,1
1,6,14.0,0.0,0.0,0.0,2,3,1,0,42,0,0,17,17,0,0,0,0,0,1,0,0,0,0,140.0,6.0,17.0,1
15,75,213.5,0.0,0.0,0.0,0,1,1,0,56,0,0,53,806,0,0,0,0,1,1,0,0,0,1,213.5,5.0,3.53333333333333,1
72,324,937.6,288.0,633.6,211.2,0,14,1,0,23,1,0,32,2317,0,0,1,0,1,0,0,1,0,0,0.0,4.5,0.444444444444444,1
49,177,245.1,0.0,0.0,0.0,0,21,1,0,25,1,5,21,1031,0,1,0,0,1,0,1,0,0,0,245.1,3.61224489795918,0.428571428571429,1
71,262,493.6,0.0,0.0,0.0,0,8,1,0,77,0,0,30,2129,1,0,0,0,1,0,0,1,1,0,493.6,3.69014084507042,0.422535211267606,1
24,42,96.8,0.0,0.0,0.0,0,6,1,0,74,0,0,46,1108,1,0,0,0,0,1,0,0,1,0,96.8,1.75,1.91666666666667,1
17,140,241.3,119.0,144.5,28.9,2,5,1,0,72,0,0,30,516,1,0,1,0,0,1,0,0,1,0,0.0,8.23529411764706,1.76470588235294,1
71,325,776.1,0.0,0.0,0.0,0,6,1,0,47,0,0,15,1038,0,0,0,0,0,0,0,1,1,0,776.1,4.57746478873239,0.211267605633803,1
3,17,49.9,0.0,0.0,0.0,3,1,1,0,64,0,0,31,98,0,0,0,0,0,1,0,0,1,0,49.9,5.66666666666667,10.3333333333333,1
47,344,659.9,188.0,568.7,0.0,1,11,1,0,38,0,2,28,1307,0,1,1,1,1,0,1,0,1,0,0.0,7.31914893617021,0.595744680851064,1
57,191,569.6,0.0,0.0,0.0,1,9,1,0,33,0,0,31,1768,0,0,0,0,1,0,0,1,0,0,569.6,3.35087719298246,0.543859649122807,1
73,507,1101.6,0.0,0.0,0.0,0,24,0,73,22,1,0,56,4123,0,0,0,0,1,0,0,1,1,0,1101.6,6.94520547945205,0.767123287671233,1
59,168,354.5,236.0,660.8,132.2,0,6,1,0,44,0,0,35,2087,0,0,1,0,0,0,0,1,0,0,0.0,2.84745762711864,0.593220338983051,1
28,146,335.6,0.0,0.0,0.0,0,6,1,0,78,0,0,52,1450,1,0,0,0,0,0,0,1,1,0,335.6,5.21428571428571,1.85714285714286,1
20,39,81.0,40.0,74.0,18.5,0,0,0,0,37,0,0,9,175,0,0,1,0,0,0,1,0,0,1,8174.0,1.95,0.45,0
72,142,289.1,144.0,741.6,370.8,1,1,1,0,47,0,0,67,4848,0,0,1,0,1,0,0,1,0,0,0.0,1.97222222222222,0.930555555555556,1
53,234,842.1,0.0,0.0,0.0,0,0,0,0,42,0,4,10,531,0,1,0,0,0,0,1,0,0,0,842.1,4.41509433962264,0.188679245283019,1
4,7,14.2,0.0,0.0,0.0,1,4,1,0,51,0,0,40,143,0,0,0,0,0,1,0,0,1,0,14.2,1.75,10.0,1
56,387,734.2,0.0,0.0,0.0,0,0,0,0,29,1,0,12,703,0,0,0,0,0,0,1,0,0,0,734.2,6.91071428571429,0.214285714285714,1
15,62,116.8,33.0,129.8,43.3,2,4,1,0,85,0,0,55,805,1,0,1,0,1,1,0,0,1,0,0.0,4.13333333333333,3.66666666666667,1
19,105,282.8,38.0,321.1,64.2,1,2,0,31,65,0,0,24,446,1,0,1,0,0,0,1,0,1,0,0.0,5.52631578947368,1.26315789473684,1
1,7,15.0,0.0,0.0,0.0,5,17,1,0,24,1,3,20,20,0,1,0,0,1,1,0,0,1,0,150.0,7.0,20.0,1
25,67,151.5,100.0,387.5,96.9,0,0,0,0,53,0,0,8,202,0,0,1,0,0,0,1,0,1,0,0.0,2.68,0.32,1
14,22,54.2,0.0,0.0,0.0,5,7,1,0,58,0,0,62,833,0,0,0,0,0,1,0,0,1,0,54.2,1.57142857142857,4.42857142857143,1
37,259,519.9,0.0,0.0,0.0,2,0,0,0,82,0,0,12,446,1,0,0,0,0,0,1,0,0,1,519.9,7.0,0.324324324324324,1
1,9,16.0,0.0,0.0,0.0,2,2,1,0,58,0,0,23,23,0,0,0,0,0,1,0,0,0,0,160.0,9.0,23.0,1
64,347,773.3,0.0,0.0,0.0,4,8,1,0,54,0,0,49,3174,0,0,0,1,0,0,0,1,1,0,773.3,5.421875,0.765625,1
35,346,560.8,140.0,301.0,150.5,0,0,0,0,50,0,4,8,287,0,1,1,0,0,0,0,1,0,0,560.8301,9.88571428571429,0.228571428571429,1
54,166,377.5,324.0,540.0,270.0,2,0,0,0,27,1,3,7,369,0,1,1,0,0,0,0,1,0,1,377.554,3.07407407407407,0.12962962962963,1
5,9,24.8,112.0,238.0,79.3,3,7,0,5,38,0,0,24,117,0,0,1,0,1,0,1,0,0,0,24.8238,1.8,4.8,1
72,240,647.9,0.0,0.0,0.0,0,14,0,22,78,0,0,26,1901,1,0,0,0,1,1,0,0,1,0,647.9,3.33333333333333,0.361111111111111,1
17,35,119.7,0.0,0.0,0.0,0,1,1,0,57,0,0,47,812,0,0,0,0,0,1,0,0,1,0,119.7,2.05882352941176,2.76470588235294,1
1,7,15.0,0.0,0.0,0.0,1,5,1,0,53,0,6,21,21,0,1,0,0,0,1,0,0,0,1,150.0,7.0,21.0,1
13,37,146.6,0.0,0.0,0.0,4,6,1,0,47,0,0,52,696,0,0,0,0,1,1,0,0,1,0,146.6,2.84615384615385,4.0,1
1,5,14.0,0.0,0.0,0.0,5,0,0,0,60,0,0,11,11,0,0,0,0,0,1,0,0,1,0,140.0,5.0,11.0,1
29,106,257.1,0.0,0.0,0.0,0,0,0,0,33,0,0,8,243,0,0,0,0,0,0,0,1,0,0,257.1,3.6551724137931,0.275862068965517,1
6,34,75.2,0.0,0.0,0.0,0,15,1,0,44,0,2,23,145,0,1,0,0,0,1,0,0,0,0,75.2,5.66666666666667,3.83333333333333,1
27,79,246.1,0.0,0.0,0.0,0,7,1,0,51,0,0,25,681,0,0,0,0,0,1,0,0,0,0,246.1,2.92592592592593,0.925925925925926,1
9,48,136.5,90.0,84.6,21.2,2,6,1,0,31,0,0,60,545,0,0,1,0,0,1,0,0,0,0,0.0,5.33333333333333,6.66666666666667,1
67,114,336.8,0.0,0.0,0.0,0,12,1,0,19,1,4,23,1529,0,1,0,0,1,0,0,1,0,0,336.8,1.70149253731343,0.343283582089552,1
19,96,250.7,57.0,233.7,46.7,0,3,1,0,83,0,0,39,751,1,0,1,0,1,0,1,0,0,0,0.0,5.05263157894737,2.05263157894737,1
8,17,33.0,136.0,181.9,36.4,5,15,1,0,22,1,0,48,396,0,0,1,0,1,1,0,0,1,0,33181.9,2.125,6.0,0
1,4,11.0,0.0,0.0,0.0,1,0,0,0,29,1,0,10,10,0,0,0,0,0,1,0,0,0,0,110.0,4.0,10.0,1
72,143,288.4,0.0,0.0,0.0,0,4,1,0,53,0,0,31,2258,0,0,0,0,1,0,0,1,1,0,288.4,1.98611111111111,0.430555555555556,1
51,356,811.3,0.0,0.0,0.0,0,0,0,0,33,0,0,9,480,0,0,0,0,0,0,0,1,1,0,811.3,6.98039215686275,0.176470588235294,1
64,450,829.8,448.0,697.6,0.0,0,0,0,0,53,0,3,7,448,0,1,1,1,0,0,0,1,0,0,0.0,7.03125,0.109375,1
3,16,38.6,0.0,0.0,0.0,1,2,1,0,51,0,0,43,118,0,0,0,0,0,1,0,0,1,0,38.6,5.33333333333333,14.3333333333333,1
63,345,948.0,252.0,831.6,0.0,0,7,1,0,66,0,0,49,3083,1,0,1,1,0,0,0,1,1,0,948831.6,5.47619047619048,0.777777777777778,0
1,2,7.0,0.0,0.0,45.9,1,5,1,0,40,0,0,28,28,0,0,0,0,0,1,0,0,0,0,70.0,2.0,28.0,1
2,7,16.4,0.0,0.0,0.0,5,11,1,0,32,0,0,37,67,0,0,0,0,0,1,0,0,1,0,16.4,3.5,18.5,1
35,239,528.1,0.0,0.0,0.0,0,0,0,0,21,1,0,12,411,0,0,0,0,0,1,0,0,1,0,528.1,6.82857142857143,0.342857142857143,1
20,157,303.8,0.0,0.0,0.0,0,0,0,0,44,0,5,6,115,0,1,0,0,0,0,0,1,0,0,303.8,7.85,0.3,1
22,71,201.7,0.0,0.0,0.0,2,0,0,0,35,0,0,9,193,0,0,0,0,0,0,1,0,0,0,201.7,3.22727272727273,0.409090909090909,1
17,131,240.0,0.0,0.0,0.0,5,13,1,0,29,1,0,39,677,0,0,0,0,0,1,0,0,1,0,2400.0,7.70588235294118,2.29411764705882,1
48,325,726.9,384.0,710.4,142.1,0,6,0,48,44,0,0,43,2061,0,0,1,0,0,0,1,0,1,0,0.0,6.77083333333333,0.895833333333333,1
2,4,8.7,0.0,0.0,0.0,3,17,1,0,23,1,0,23,51,0,0,0,0,0,1,0,0,1,0,8.7,2.0,11.5,1
26,165,418.6,0.0,0.0,0.0,1,5,1,0,72,0,0,45,1173,1,0,0,0,0,0,0,1,1,0,418.6,6.34615384615385,1.73076923076923,1
58,274,867.3,232.0,516.2,0.0,0,5,0,29,37,0,0,55,3169,0,0,1,1,0,0,0,1,0,0,0.0,4.72413793103448,0.948275862068966,1
26,77,155.5,0.0,0.0,0.0,2,13,1,0,21,1,0,38,990,0,0,0,0,0,1,0,0,0,0,155.5,2.96153846153846,1.46153846153846,1
52,58,207.9,0.0,0.0,0.0,1,6,1,0,53,0,0,37,1912,0,0,0,0,1,1,0,0,0,0,207.9,1.11538461538462,0.711538461538462,1
23,67,136.4,0.0,0.0,0.0,0,0,0,0,44,0,0,10,229,0,0,0,0,0,1,0,0,1,0,136.4,2.91304347826087,0.434782608695652,1
61,239,613.9,244.0,860.1,286.7,0,5,1,0,83,0,0,44,2714,1,0,1,0,0,0,1,0,1,0,0.0,3.91803278688525,0.721311475409836,1
40,144,480.2,80.0,568.0,142.0,1,0,0,0,33,0,2,6,231,0,1,1,0,0,0,0,1,1,0,480.2568,3.6,0.15,1
62,120,309.5,0.0,0.0,0.0,1,0,0,0,45,0,0,16,988,0,0,0,0,0,0,0,1,0,0,309.5,1.93548387096774,0.258064516129032,1
70,479,845.5,280.0,672.0,0.0,0,13,1,0,68,0,3,27,1890,1,1,1,1,1,0,0,1,0,0,845.5672,6.84285714285714,0.385714285714286,1
43,154,425.1,172.0,576.2,288.1,4,5,1,0,58,0,0,46,1957,0,0,1,0,1,1,0,0,1,0,0.0,3.58139534883721,1.06976744186047,1
44,221,532.3,0.0,0.0,0.0,0,5,1,0,49,0,2,40,1754,0,1,0,0,1,1,0,0,1,0,532.3,5.02272727272727,0.909090909090909,1
6,17,67.7,54.0,88.8,17.8,0,9,1,0,49,0,6,25,152,0,1,1,0,1,0,0,1,0,0,0.0,2.83333333333333,4.16666666666667,1
65,491,976.3,65.0,624.0,208.0,0,14,1,0,21,1,0,52,3403,0,0,1,0,1,0,0,1,0,0,976.3624,7.55384615384615,0.8,1
12,24,61.9,0.0,0.0,0.0,0,6,1,0,55,0,0,63,782,0,0,0,0,1,0,1,0,1,0,61.9,2.0,5.25,1
2,11,10.8,0.0,0.0,0.0,3,5,1,0,74,0,0,51,92,1,0,0,0,0,1,0,0,1,0,10.8,5.5,25.5,1
5,26,75.0,25.0,69.5,23.2,0,8,1,0,48,0,0,57,268,0,0,1,0,0,1,0,0,0,1,7569.5,5.2,11.4,1
34,127,371.4,0.0,0.0,0.0,0,24,1,0,30,0,0,34,1164,0,0,0,0,0,1,0,0,0,0,371.4,3.73529411764706,1.0,1
30,69,150.9,60.0,306.0,61.2,0,15,0,24,24,1,0,59,1771,0,0,1,0,0,1,0,0,1,0,150.9306,2.3,1.96666666666667,1
41,202,648.5,0.0,0.0,0.0,1,4,1,0,38,0,0,21,840,0,0,0,0,1,0,1,0,1,0,648.5,4.92682926829268,0.51219512195122,1
3,13,30.3,0.0,0.0,0.0,0,0,0,0,59,0,3,7,21,0,1,0,0,0,0,1,0,0,0,30.3,4.33333333333333,2.33333333333333,1
7,9,27.8,0.0,0.0,0.0,5,11,1,0,54,0,0,33,230,0,0,0,0,0,1,0,0,0,1,27.8,1.28571428571429,4.71428571428571,1
59,238,531.9,236.0,790.6,158.1,5,7,1,0,34,0,0,40,2345,0,0,1,0,1,0,1,0,0,0,0.0,4.03389830508475,0.677966101694915,1
4,12,32.7,16.0,30.8,15.4,1,2,0,20,45,0,0,50,206,0,0,1,0,0,1,0,0,1,0,0.0,3.0,12.5,1
19,60,172.6,0.0,0.0,0.0,0,0,0,0,35,0,6,10,195,0,1,0,0,0,0,0,1,0,0,172.6,3.15789473684211,0.526315789473684,1
2,2,8.0,0.0,0.0,0.0,1,5,1,0,28,1,0,45,91,0,0,0,1,0,1,0,0,1,0,80.0,1.0,22.5,1
61,210,490.0,244.0,713.7,178.4,0,9,1,0,41,0,0,46,2824,0,0,1,0,0,0,1,0,1,0,490713.7,3.44262295081967,0.754098360655738,0
9,18,56.4,24.0,82.8,16.6,2,13,0,17,37,0,0,62,580,0,0,1,0,0,1,0,0,1,0,0.0,2.0,6.88888888888889,1
23,101,369.3,0.0,0.0,0.0,2,2,1,0,48,0,0,34,783,0,0,0,0,0,0,1,0,1,0,369.3,4.39130434782609,1.47826086956522,1
42,236,630.5,0.0,0.0,0.0,0,12,1,0,66,0,0,36,1533,1,0,0,0,0,1,0,0,0,0,630.5,5.61904761904762,0.857142857142857,1
2,7,16.9,8.0,19.2,6.4,1,11,1,0,19,1,0,51,107,0,0,1,0,0,1,0,0,1,0,0.0,3.5,25.5,1
18,69,178.8,0.0,0.0,0.0,0,0,0,0,65,0,0,10,186,1,0,0,0,0,1,0,0,0,0,178.8,3.83333333333333,0.555555555555556,1
60,181,361.2,0.0,0.0,0.0,0,13,0,13,21,1,0,29,1752,0,0,0,0,0,1,0,0,1,0,361.2,3.01666666666667,0.483333333333333,1
66,370,985.9,264.0,270.6,67.7,0,9,1,0,48,0,0,46,3009,0,0,1,0,1,0,1,0,1,0,0.0,5.60606060606061,0.696969696969697,1
1,4,12.0,0.0,0.0,0.0,3,0,0,0,28,1,0,13,13,0,0,0,0,0,1,0,0,0,1,120.0,4.0,13.0,1
35,269,562.2,0.0,0.0,0.0,0,19,0,55,36,0,4,29,1009,0,1,0,0,1,1,0,0,1,0,562.2,7.68571428571429,0.828571428571429,1
66,516,1052.1,0.0,0.0,0.0,0,2,1,0,80,0,0,25,1671,1,0,0,0,1,0,0,1,1,0,1052.1,7.81818181818182,0.378787878787879,1
11,54,122.6,0.0,0.0,0.0,0,9,1,0,41,0,0,35,389,0,0,0,0,0,1,0,0,1,0,122.6,4.90909090909091,3.18181818181818,1
66,174,330.9,198.0,706.2,235.4,2,4,1,0,33,0,0,24,1586,0,0,1,0,1,0,0,1,1,0,0.0,2.63636363636364,0.363636363636364,1
4,7,16.5,12.0,45.0,11.3,5,38,1,0,30,0,0,51,209,0,0,1,0,0,1,0,0,0,0,16.545,1.75,12.75,1
17,95,239.1,0.0,0.0,0.0,1,10,1,0,33,0,0,15,264,0,0,0,0,0,1,0,0,1,0,239.1,5.58823529411765,0.882352941176471,1
46,220,554.7,184.0,381.8,0.0,0,17,1,0,29,1,3,17,771,0,1,1,1,0,1,0,0,1,0,0.0,4.78260869565217,0.369565217391304,1
12,59,158.3,0.0,0.0,0.0,2,24,1,0,19,1,6,13,155,0,1,0,0,0,1,0,0,0,1,158.3,4.91666666666667,1.08333333333333,1
2,6,13.8,0.0,0.0,0.0,0,0,0,0,59,0,0,10,24,0,0,0,0,0,1,0,0,0,0,13.8,3.0,5.0,1
1,7,16.0,4.0,12.8,3.2,0,0,0,0,43,0,0,10,10,0,0,1,0,0,1,0,0,0,1,1612.8,7.0,10.0,0
11,34,76.2,0.0,0.0,0.0,0,4,0,68,43,0,0,16,176,0,0,0,0,0,1,0,0,0,0,76.2,3.09090909090909,1.45454545454545,1
74,112,370.3,0.0,0.0,0.0,2,8,1,0,48,0,0,30,2194,0,0,0,0,1,0,0,1,1,0,370.3,1.51351351351351,0.405405405405405,1
40,272,641.6,160.0,432.0,86.4,1,1,1,0,62,0,0,36,1459,0,0,1,0,0,1,0,0,1,0,641.6432,6.8,0.9,1
2,9,21.4,0.0,0.0,0.0,0,3,1,0,68,0,0,29,63,1,0,0,0,1,0,0,1,0,1,21.4,4.5,14.5,1
40,65,199.0,160.0,568.0,113.6,0,9,1,0,42,0,0,33,1331,0,0,1,0,1,0,0,1,1,0,199568.0,1.625,0.825,0
73,409,1100.7,0.0,0.0,0.0,0,10,1,0,54,0,0,36,2654,0,0,0,0,1,0,0,1,0,0,1100.7,5.6027397260274,0.493150684931507,1
3,11,35.1,0.0,0.0,0.0,0,0,0,0,35,0,3,10,25,0,1,0,0,0,1,0,0,1,0,35.1,3.66666666666667,3.33333333333333,1
23,122,364.6,0.0,0.0,0.0,0,10,1,0,39,0,0,39,895,0,0,0,0,0,1,0,0,0,0,364.6,5.30434782608696,1.69565217391304,1
60,223,537.7,112.0,389.2,97.3,0,17,1,0,25,1,0,27,1618,0,0,1,0,0,1,0,0,1,0,0.0,3.71666666666667,0.45,1
25,51,149.3,0.0,0.0,0.0,0,8,1,0,63,0,3,24,606,0,1,0,0,0,0,1,0,0,0,149.3,2.04,0.96,1
1,6,13.0,0.0,0.0,0.0,4,0,0,0,50,0,0,7,7,0,0,0,0,0,1,0,0,0,0,130.0,6.0,7.0,1
66,301,661.8,0.0,0.0,0.0,0,5,1,0,56,0,0,38,2494,0,0,0,0,1,0,0,1,1,0,661.8,4.56060606060606,0.575757575757576,1
3,8,27.9,0.0,0.0,0.0,0,9,1,0,49,0,0,48,133,0,0,0,1,0,1,0,0,1,0,27.9,2.66666666666667,16.0,1
8,42,91.0,0.0,0.0,0.0,0,1,1,0,45,0,0,16,118,0,0,0,0,0,1,0,0,1,0,910.0,5.25,2.0,1
22,59,133.7,88.0,173.8,86.9,2,4,1,0,74,0,0,50,1107,1,0,1,0,0,0,1,0,1,0,0.0,2.68181818181818,2.27272727272727,1
36,248,534.7,0.0,0.0,0.0,0,6,1,0,55,0,0,22,786,0,0,0,0,0,0,1,0,1,0,534.7,6.88888888888889,0.611111111111111,1
20,44,81.0,0.0,0.0,0.0,0,0,0,0,34,0,3,8,168,0,1,0,0,0,1,0,0,0,0,810.0,2.2,0.4,1
45,241,681.5,0.0,0.0,0.0,0,13,1,0,31,0,0,23,1064,0,0,0,0,1,0,1,0,0,0,681.5,5.35555555555556,0.511111111111111,1
52,135,312.5,0.0,0.0,0.0,0,0,0,0,40,0,3,6,317,0,1,0,0,0,0,0,1,0,0,312.5,2.59615384615385,0.115384615384615,1
71,177,424.9,284.0,745.5,186.4,5,4,0,12,61,0,0,52,3706,0,0,1,0,1,0,0,1,0,0,0.0,2.49295774647887,0.732394366197183,1
29,98,257.6,216.0,637.2,159.3,4,10,1,0,44,0,0,35,1011,0,0,1,0,1,1,0,0,1,0,0.0,3.37931034482759,1.20689655172414,1
12,36,96.3,0.0,0.0,0.0,1,3,1,0,58,0,0,34,414,0,0,0,1,1,1,0,0,0,1,96.3,3.0,2.83333333333333,1
48,144,289.3,0.0,0.0,0.0,1,5,1,0,75,0,0,40,1944,1,0,0,0,1,0,0,1,0,0,289.3,3.0,0.833333333333333,1
16,33,110.6,8.0,21.2,5.3,3,28,0,44,29,1,0,22,351,0,0,1,0,0,1,0,0,1,0,0.0,2.0625,1.375,1
47,182,421.9,0.0,0.0,0.0,2,4,1,0,62,0,3,35,1647,0,1,0,0,1,0,1,0,1,0,421.9,3.87234042553191,0.74468085106383,1
61,76,242.7,0.0,0.0,0.0,1,2,1,0,74,0,0,32,1925,1,0,0,0,1,0,0,1,0,0,242.7,1.24590163934426,0.524590163934426,1
46,151,502.6,138.0,266.8,53.4,0,3,1,0,39,0,0,30,1362,0,0,1,0,0,1,0,0,0,0,0.0,3.28260869565217,0.652173913043478,1
35,197,562.8,4.0,8.2,4.1,1,14,1,0,27,1,0,58,2038,0,0,1,0,0,1,0,0,1,0,0.0,5.62857142857143,1.65714285714286,1
70,536,1119.2,0.0,0.0,0.0,2,1,1,0,39,0,0,37,2583,0,0,0,0,1,0,0,1,0,0,1119.2,7.65714285714286,0.528571428571429,1
66,163,394.0,198.0,389.4,97.4,2,5,1,0,77,0,0,40,2608,1,0,1,0,1,0,0,1,1,0,394389.4,2.46969696969697,0.606060606060606,0
71,103,354.7,426.0,766.8,153.4,0,0,0,0,59,0,2,12,837,0,1,1,0,0,0,0,1,0,0,0.0,1.45070422535211,0.169014084507042,1
7,58,115.6,21.0,62.3,20.8,2,7,0,5,70,0,0,30,214,1,0,1,0,1,0,1,0,1,0,0.0,8.28571428571429,4.28571428571429,1
43,122,475.5,0.0,0.0,0.0,2,0,0,0,39,0,3,10,429,0,1,0,0,0,0,0,1,0,0,475.5,2.83720930232558,0.232558139534884,1
56,365,667.8,728.0,627.2,0.0,0,0,0,0,50,0,0,17,922,0,0,1,1,0,0,0,1,1,0,0.0,6.51785714285714,0.303571428571429,1
6,38,88.3,0.0,0.0,0.0,2,4,1,0,38,0,3,30,167,0,1,0,0,1,1,0,0,0,0,88.3,6.33333333333333,5.0,1
31,122,345.8,186.0,424.7,212.4,0,30,1,0,29,1,2,40,1259,0,1,1,0,1,0,1,0,1,0,0.0,3.93548387096774,1.29032258064516,1
38,48,150.5,0.0,0.0,0.0,1,1,1,0,81,0,0,44,1661,1,0,0,0,0,0,0,1,1,0,150.5,1.26315789473684,1.15789473684211,1
14,46,110.1,0.0,0.0,0.0,0,4,1,0,64,0,3,42,582,0,1,0,0,1,1,0,0,1,0,110.1,3.28571428571429,3.0,1
5,9,23.0,0.0,0.0,0.0,2,0,0,0,43,0,4,13,59,0,1,0,1,0,0,0,1,0,0,230.0,1.8,2.6,1
9,17,45.6,27.0,108.9,54.5,0,4,1,0,59,0,0,18,160,0,0,1,0,1,0,1,0,0,1,0.0,1.88888888888889,2.0,1
15,49,139.0,60.0,73.5,24.5,0,2,1,0,47,0,0,34,523,0,0,1,0,1,1,0,0,0,0,13973.5,3.26666666666667,2.26666666666667,0
2,9,28.8,0.0,0.0,0.0,0,7,1,0,67,0,0,55,121,1,0,0,0,0,0,0,1,1,0,28.8,4.5,27.5,1
14,51,154.4,0.0,0.0,0.0,0,1,1,0,50,0,0,25,348,0,0,0,0,1,1,0,0,1,0,154.4,3.64285714285714,1.78571428571429,1
24,101,244.6,0.0,0.0,0.0,0,0,0,0,31,0,0,11,272,0,0,0,0,0,0,0,1,0,0,244.6,4.20833333333333,0.458333333333333,1
69,484,1110.0,0.0,0.0,0.0,0,0,0,0,36,0,0,14,1001,0,0,0,0,0,0,0,1,1,0,11100.0,7.01449275362319,0.202898550724638,1
11,14,44.7,55.0,138.6,0.0,0,8,1,0,25,1,6,27,301,0,1,1,1,0,1,0,0,1,0,0.0,1.27272727272727,2.45454545454545,1
12,34,97.2,0.0,0.0,0.0,2,7,1,0,67,0,5,14,171,1,1,0,0,0,1,0,0,0,1,97.2,2.83333333333333,1.16666666666667,1
50,143,353.1,0.0,0.0,0.0,2,2,0,6,52,0,0,39,1977,0,0,0,0,0,1,0,0,1,0,353.1,2.86,0.78,1
73,373,874.1,0.0,0.0,0.0,3,6,1,0,65,0,3,30,2178,1,1,0,0,0,0,0,1,0,0,874.1,5.10958904109589,0.410958904109589,1
1,2,5.0,0.0,0.0,0.0,4,10,1,0,63,0,0,38,38,0,0,0,0,0,1,0,0,1,0,50.0,2.0,38.0,1
2,9,19.8,0.0,0.0,0.0,0,10,0,4,41,0,0,46,82,0,0,0,0,0,1,0,0,1,0,19.8,4.5,23.0,1
64,160,450.4,256.0,659.2,131.8,0,4,1,0,55,0,0,39,2504,0,0,1,0,1,0,0,1,1,0,0.0,2.5,0.609375,1
68,346,820.4,340.0,367.2,0.0,0,4,1,0,66,0,0,22,1480,1,0,1,1,1,0,1,0,0,0,0.0,5.08823529411765,0.323529411764706,1
15,41,116.1,0.0,0.0,0.0,1,1,1,0,76,0,0,30,438,1,0,0,0,0,0,0,1,1,0,116.1,2.73333333333333,2.0,1
20,102,261.7,272.0,625.6,312.8,0,5,1,0,79,0,0,51,1017,1,0,1,0,0,1,0,0,1,0,0.0,5.1,2.55,1
9,36,120.9,27.0,90.9,30.3,0,0,0,0,62,0,4,10,90,0,1,1,0,0,1,0,0,0,0,0.0,4.0,1.11111111111111,1
72,363,1013.7,0.0,0.0,0.0,0,20,1,0,25,1,6,33,2378,0,1,0,0,1,0,0,1,0,0,1013.7,5.04166666666667,0.458333333333333,1
26,89,233.1,0.0,0.0,0.0,0,2,1,0,58,0,0,24,627,0,0,0,0,0,1,0,0,1,0,233.1,3.42307692307692,0.923076923076923,1
3,9,19.7,0.0,0.0,0.0,0,0,0,0,28,1,0,7,19,0,0,0,0,0,1,0,0,0,0,19.7,3.0,2.33333333333333,1
1,6,15.0,0.0,0.0,0.0,0,15,1,0,29,1,0,20,20,0,0,0,0,0,1,0,0,1,0,150.0,6.0,20.0,1
65,101,259.3,0.0,0.0,0.0,2,8,0,30,65,0,2,46,2994,1,1,0,0,1,0,0,1,1,0,259.3,1.55384615384615,0.707692307692308,1
39,126,352.2,0.0,0.0,0.0,0,4,1,0,82,0,0,34,1317,1,0,0,0,0,0,1,0,0,1,352.2,3.23076923076923,0.871794871794872,1
17,59,173.8,136.0,181.9,91.0,1,2,1,0,39,0,0,35,616,0,0,1,0,1,0,1,0,0,0,0.0,3.47058823529412,2.05882352941176,1
59,134,411.6,0.0,0.0,0.0,0,1,1,0,49,0,0,47,2760,0,0,0,0,0,0,1,0,1,0,411.6,2.27118644067797,0.796610169491525,1
66,276,921.6,264.0,950.4,475.2,1,6,0,40,38,0,0,56,3686,0,0,1,0,1,1,0,0,1,0,0.0,4.18181818181818,0.848484848484849,1
73,260,731.3,0.0,0.0,0.0,1,0,0,0,34,0,0,9,658,0,0,0,0,0,0,0,1,0,0,731.3,3.56164383561644,0.123287671232877,1
25,34,99.2,0.0,0.0,0.0,0,0,0,0,34,0,0,10,250,0,0,0,0,0,1,0,0,0,0,99.2,1.36,0.4,1
13,50,112.8,13.0,130.0,32.5,1,1,1,0,58,0,0,36,454,0,0,1,0,1,1,0,0,1,0,112.813,3.84615384615385,2.76923076923077,1
50,163,453.8,0.0,0.0,0.0,4,3,1,0,40,0,0,43,2143,0,0,0,0,1,1,0,0,0,0,453.8,3.26,0.86,1
71,126,352.9,0.0,0.0,0.0,0,14,1,0,35,0,0,54,3779,0,0,0,0,1,0,0,1,0,0,352.9,1.77464788732394,0.76056338028169,1
10,14,49.1,0.0,0.0,0.0,0,0,0,0,36,0,6,7,64,0,1,0,1,0,0,1,0,0,0,49.1,1.4,0.7,1
2,9,25.2,12.0,28.6,0.0,0,13,1,0,67,0,0,30,59,1,0,1,1,0,1,0,0,1,0,0.0,4.5,15.0,1
37,179,404.2,0.0,0.0,0.0,0,6,1,0,42,0,0,48,1781,0,0,0,0,1,0,1,0,0,0,404.2,4.83783783783784,1.2972972972973,1
64,139,509.8,0.0,0.0,0.0,0,6,0,13,67,0,6,56,3553,1,1,0,0,1,0,1,0,1,0,509.8,2.171875,0.875,1
2,8,17.3,0.0,0.0,0.0,2,6,1,0,59,0,0,45,87,0,0,0,0,0,1,0,0,0,0,17.3,4.0,22.5,1
66,384,1054.8,462.0,528.0,176.0,0,15,1,0,55,0,0,61,4006,0,0,1,0,1,0,0,1,1,0,1054.8528,5.81818181818182,0.924242424242424,1
22,109,224.8,88.0,167.2,33.4,5,7,1,0,68,0,0,27,609,1,0,1,0,0,1,0,0,1,0,0.0,4.95454545454545,1.22727272727273,1
37,57,185.4,148.0,336.7,0.0,0,10,0,0,56,0,0,60,2210,0,0,1,1,1,1,0,0,1,0,0.0,1.54054054054054,1.62162162162162,1
45,312,669.5,0.0,0.0,0.0,1,9,1,0,41,0,0,39,1750,0,0,0,0,0,1,0,0,1,0,669.5,6.93333333333333,0.866666666666667,1
55,237,712.8,605.0,610.5,203.5,0,15,1,0,37,0,5,41,2270,0,1,1,0,1,1,0,0,1,0,0.0,4.30909090909091,0.745454545454545,1
59,283,880.2,295.0,548.7,274.4,0,28,1,0,28,1,2,31,1805,0,1,1,0,1,0,0,1,1,0,0.0,4.79661016949153,0.525423728813559,1
72,798,1149.6,288.0,799.2,0.0,0,4,0,45,67,0,0,43,3067,1,0,1,1,0,0,1,0,1,0,0.0,11.0833333333333,0.597222222222222,1
45,263,677.8,225.0,441.0,110.3,0,0,0,0,22,1,6,8,378,0,1,1,0,0,0,0,1,0,0,677.8441,5.84444444444444,0.177777777777778,1
17,100,257.2,0.0,0.0,0.0,0,0,0,0,60,0,0,9,155,0,0,0,0,0,0,1,0,0,0,257.2,5.88235294117647,0.529411764705882,1
54,133,326.6,0.0,0.0,0.0,0,3,1,0,46,0,0,22,1195,0,0,0,0,0,0,0,1,0,0,326.6,2.46296296296296,0.407407407407407,1
76,262,535.5,0.0,0.0,0.0,0,0,0,0,67,0,0,9,681,1,0,0,0,0,0,0,1,1,0,535.5,3.44736842105263,0.118421052631579,1
1,4,11.0,0.0,0.0,0.0,0,1,1,0,40,0,0,33,33,0,0,0,0,0,1,0,0,1,0,110.0,4.0,33.0,1
5,26,56.3,0.0,0.0,0.0,2,5,1,0,36,0,0,29,146,0,0,0,0,0,1,0,0,1,0,56.3,5.2,5.8,1
55,105,276.4,220.0,654.5,327.3,0,10,1,0,82,0,0,26,1456,1,0,1,0,0,1,0,0,1,0,0.0,1.90909090909091,0.472727272727273,1
14,53,172.7,8.0,23.4,4.7,5,7,1,0,37,0,3,27,391,0,1,1,0,0,1,0,0,0,0,0.0,3.78571428571429,1.92857142857143,1
5,9,30.8,20.0,34.0,11.3,2,5,1,0,62,0,0,47,240,0,0,1,0,0,1,0,0,1,0,30.834,1.8,9.4,1
69,340,971.8,0.0,0.0,0.0,0,5,1,0,41,0,0,42,2910,0,0,0,0,1,0,0,1,0,0,971.8,4.92753623188406,0.608695652173913,1
73,443,944.7,292.0,876.0,438.0,2,15,0,79,54,0,0,42,3026,0,0,1,0,1,0,0,1,1,0,944.7876,6.06849315068493,0.575342465753425,1
64,328,1019.6,0.0,0.0,0.0,1,0,0,0,21,1,0,11,684,0,0,0,0,0,0,0,1,0,0,1019.6,5.125,0.171875,1
64,371,961.1,0.0,0.0,0.0,0,0,0,0,48,0,2,7,446,0,1,0,0,0,0,1,0,0,0,961.1,5.796875,0.109375,1
69,280,1040.2,276.0,144.9,0.0,0,0,0,0,64,0,5,9,649,0,1,1,1,0,0,0,1,1,0,0.0,4.05797101449275,0.130434782608696,1
62,495,997.4,186.0,923.8,231.0,1,3,1,0,57,0,3,43,2696,0,1,1,0,1,0,0,1,1,0,0.0,7.98387096774194,0.693548387096774,1
13,61,165.6,52.0,159.9,40.0,0,4,1,0,53,0,2,8,106,0,1,1,0,0,1,0,0,1,0,0.0,4.69230769230769,0.615384615384615,1
17,71,201.7,68.0,147.9,0.0,2,10,1,0,66,0,0,47,788,1,0,1,1,1,1,0,0,1,0,0.0,4.17647058823529,2.76470588235294,1
30,89,363.6,0.0,0.0,0.0,0,8,1,0,67,0,0,35,1058,1,0,0,0,1,0,0,1,0,0,363.6,2.96666666666667,1.16666666666667,1
6,29,86.4,0.0,0.0,0.0,2,4,1,0,59,0,0,54,334,0,0,0,0,0,1,0,0,1,0,86.4,4.83333333333333,9.0,1
22,144,308.2,88.0,270.6,67.7,0,26,1,0,27,1,0,42,920,0,0,1,0,0,1,0,0,0,1,0.0,6.54545454545455,1.90909090909091,1
19,59,170.3,0.0,0.0,0.0,0,6,1,0,19,1,0,29,547,0,0,0,0,0,1,0,0,0,0,170.3,3.10526315789474,1.52631578947368,1
72,349,870.0,144.0,662.4,132.5,1,17,1,0,25,1,0,34,2498,0,0,1,0,1,0,0,1,0,0,870662.4,4.84722222222222,0.472222222222222,0
54,181,430.4,0.0,0.0,0.0,0,5,1,0,50,0,0,35,1903,0,0,0,0,0,0,0,1,1,0,430.4,3.35185185185185,0.648148148148148,1
6,38,87.2,0.0,0.0,0.0,1,0,0,0,24,1,0,9,50,0,0,0,0,0,1,0,0,0,1,87.2,6.33333333333333,1.5,1
20,92,234.6,0.0,0.0,0.0,0,4,1,0,72,0,0,35,680,1,0,0,0,0,0,1,0,0,0,234.6,4.6,1.75,1
25,72,227.0,0.0,0.0,0.0,0,1,1,0,63,0,0,32,799,0,0,0,0,0,0,1,0,0,0,2270.0,2.88,1.28,1
3,18,32.0,9.0,27.6,13.8,1,0,0,0,48,0,4,10,30,0,1,1,0,0,1,0,0,0,0,3227.6,6.0,3.33333333333333,0
46,300,740.2,184.0,427.8,0.0,0,15,1,0,35,0,0,50,2325,0,0,1,1,0,0,1,0,1,0,0.0,6.52173913043478,1.08695652173913,1
1,5,11.0,4.0,8.4,2.8,1,2,1,0,68,0,0,56,56,1,0,1,0,0,1,0,0,1,0,118.4,5.0,56.0,1
59,469,824.2,0.0,0.0,0.0,0,0,0,0,39,0,6,13,739,0,1,0,0,0,0,0,1,0,0,824.2,7.94915254237288,0.220338983050847,1
29,64,145.9,0.0,0.0,0.0,0,14,1,0,66,0,0,53,1536,1,0,0,0,0,0,0,1,1,0,145.9,2.20689655172414,1.82758620689655,1
53,167,424.8,106.0,720.8,0.0,1,17,0,18,24,1,0,28,1471,0,0,1,1,0,0,1,0,0,0,0.0,3.15094339622642,0.528301886792453,1
33,95,265.5,0.0,0.0,0.0,0,14,1,0,31,0,0,24,811,0,0,0,0,0,1,0,0,0,0,265.5,2.87878787878788,0.727272727272727,1
71,157,634.6,497.0,766.8,0.0,0,7,1,0,48,0,5,41,2889,0,1,1,1,1,0,0,1,0,0,0.0,2.2112676056338,0.577464788732394,1
70,150,350.0,0.0,0.0,0.0,1,1,0,15,67,0,0,33,2303,1,0,0,0,1,0,0,1,0,0,3500.0,2.14285714285714,0.471428571428571,1
66,157,398.5,0.0,0.0,0.0,0,16,1,0,29,1,0,55,3668,0,0,0,0,1,0,0,1,1,0,398.5,2.37878787878788,0.833333333333333,1
1,2,5.0,4.0,7.8,2.0,2,12,1,0,51,0,0,36,36,0,0,1,0,1,1,0,0,1,0,57.8,2.0,36.0,1
9,36,117.9,0.0,0.0,0.0,2,5,0,7,55,0,0,31,283,0,0,0,0,1,1,0,0,1,0,117.9,4.0,3.44444444444444,1
29,232,471.0,116.0,342.2,171.1,5,11,1,0,75,0,0,40,1178,1,0,1,0,1,1,0,0,1,0,471342.2,8.0,1.37931034482759,0
61,229,487.1,0.0,0.0,0.0,0,6,1,0,39,0,0,52,3151,0,0,0,0,1,0,0,1,0,0,487.1,3.75409836065574,0.852459016393443,1
67,217,468.3,0.0,0.0,0.0,0,10,1,0,27,1,4,40,2660,0,1,0,0,1,0,0,1,0,0,468.3,3.23880597014925,0.597014925373134,1
1,3,7.0,0.0,0.0,0.0,0,0,1,0,76,0,0,42,42,1,0,0,0,0,0,1,0,1,0,70.0,3.0,42.0,1
21,58,171.3,0.0,0.0,0.0,2,0,0,0,22,1,0,7,145,0,0,0,0,0,1,0,0,0,0,171.3,2.76190476190476,0.333333333333333,1
64,272,702.4,0.0,0.0,20.4,2,3,1,0,59,0,0,63,4051,0,0,0,0,1,1,0,0,1,0,702.4,4.25,0.984375,1
6,39,97.9,0.0,0.0,0.0,0,0,0,0,68,0,0,10,61,1,0,0,1,0,1,0,0,0,0,97.9,6.5,1.66666666666667,1
6,45,70.9,0.0,0.0,0.0,0,9,1,0,69,0,0,43,274,1,0,0,0,0,0,1,0,1,0,70.9,7.5,7.16666666666667,1
30,67,182.2,0.0,0.0,0.0,0,6,1,0,48,0,5,29,887,0,1,0,0,0,1,0,0,1,0,182.2,2.23333333333333,0.966666666666667,1
46,122,371.3,184.0,414.0,82.8,0,10,1,0,23,1,0,43,2009,0,0,1,0,1,0,0,1,0,0,371.3414,2.65217391304348,0.934782608695652,1
70,163,351.6,0.0,0.0,0.0,0,28,1,0,54,0,4,30,2117,0,1,0,0,0,0,0,1,0,1,351.6,2.32857142857143,0.428571428571429,1
58,236,635.6,232.0,481.4,240.7,0,4,1,0,58,0,0,24,1382,0,0,1,0,1,1,0,0,1,0,0.0,4.06896551724138,0.413793103448276,1
3,7,12.6,0.0,0.0,0.0,0,9,0,20,62,0,0,43,135,0,0,0,0,1,0,1,0,1,0,12.6,2.33333333333333,14.3333333333333,1
76,238,681.6,0.0,0.0,0.0,0,0,0,0,36,0,6,11,847,0,1,0,0,0,0,0,1,1,0,681.6,3.13157894736842,0.144736842105263,1
30,84,209.0,0.0,0.0,0.0,0,3,1,0,59,0,0,30,899,0,0,0,0,0,0,1,0,1,0,2090.0,2.8,1.0,1
24,132,290.4,96.0,208.8,0.0,0,2,1,0,74,0,0,41,1002,1,0,1,1,0,1,0,0,1,0,0.0,5.5,1.70833333333333,1
71,166,784.3,284.0,1171.5,585.8,3,1,1,0,75,0,0,64,4554,1,0,1,0,1,0,0,1,0,0,0.0,2.33802816901408,0.901408450704225,1
67,432,740.8,0.0,0.0,0.0,0,2,0,53,42,0,0,57,3831,0,0,0,0,0,0,1,0,1,0,740.8,6.44776119402985,0.850746268656716,1
13,31,107.6,0.0,0.0,0.0,0,0,0,0,47,0,0,13,168,0,0,0,0,0,0,1,0,0,0,107.6,2.38461538461538,1.0,1
5,26,83.4,0.0,0.0,0.0,1,0,0,0,33,0,5,11,59,0,1,0,0,0,1,0,0,1,0,83.4,5.2,2.2,1
1,7,15.0,0.0,0.0,0.0,0,0,0,0,37,0,0,7,7,0,0,0,0,0,1,0,0,0,0,150.0,7.0,7.0,1
35,141,492.5,140.0,297.5,74.4,0,8,0,46,60,0,0,54,1912,0,0,1,0,1,1,0,0,0,0,0.0,4.02857142857143,1.54285714285714,1
34,238,405.0,0.0,0.0,0.0,0,2,1,0,59,0,0,25,839,0,0,0,0,1,1,0,0,1,0,4050.0,7.0,0.735294117647059,1
43,164,390.4,0.0,0.0,0.0,0,17,1,0,32,0,2,24,1044,0,1,0,0,0,0,1,0,0,0,390.4,3.81395348837209,0.558139534883721,1
6,27,58.5,18.0,96.0,19.2,1,7,1,0,59,0,3,24,139,0,1,1,0,0,1,0,0,1,0,58.596,4.5,4.0,1
27,182,381.3,0.0,0.0,0.0,0,7,1,0,74,0,0,44,1188,1,0,0,0,1,0,1,0,1,0,381.3,6.74074074074074,1.62962962962963,1
51,227,714.4,0.0,0.0,0.0,0,12,1,0,22,1,0,47,2423,0,0,0,0,0,0,1,0,1,0,714.4,4.45098039215686,0.92156862745098,1
50,90,301.4,300.0,705.0,352.5,2,6,1,0,67,0,0,64,3193,1,0,1,0,1,1,0,0,1,0,301.4705,1.8,1.28,1
69,307,692.9,276.0,903.9,0.0,2,5,1,0,37,0,0,38,2609,0,0,1,1,0,0,0,1,1,0,0.0,4.44927536231884,0.550724637681159,1
16,103,209.0,64.0,160.0,53.3,0,3,0,58,47,0,0,36,582,0,0,1,0,1,1,0,0,1,0,209160.0,6.4375,2.25,0
6,20,49.6,24.0,73.8,14.8,0,9,1,0,57,0,0,20,112,0,0,1,0,0,1,0,0,1,0,0.0,3.33333333333333,3.33333333333333,1
70,476,843.5,280.0,742.0,0.0,0,1,1,0,54,0,0,67,4697,0,0,1,1,1,0,1,0,1,0,843.5742,6.8,0.957142857142857,1
6,31,79.2,0.0,0.0,0.0,1,3,1,0,38,0,2,26,156,0,1,0,0,0,1,0,0,0,0,79.2,5.16666666666667,4.33333333333333,1
5,12,40.0,10.0,44.5,8.9,5,5,1,0,51,0,0,59,294,0,0,1,0,0,1,0,0,1,0,4044.5,2.4,11.8,1
8,22,56.7,16.0,53.6,10.7,4,8,1,0,59,0,5,13,105,0,1,1,0,0,1,0,0,1,0,0.0,2.75,1.625,1
21,38,103.4,0.0,0.0,0.0,5,2,1,0,44,0,0,36,741,0,0,0,0,1,1,0,0,1,0,103.4,1.80952380952381,1.71428571428571,1
9,60,88.2,0.0,0.0,0.0,0,4,1,0,60,0,6,21,187,0,1,0,0,0,1,0,0,0,0,88.2,6.66666666666667,2.33333333333333,1
62,350,874.7,0.0,0.0,0.0,0,29,1,0,66,0,6,32,2000,1,1,0,0,1,0,1,0,1,0,874.7,5.64516129032258,0.516129032258065,1
3,13,33.3,0.0,0.0,0.0,2,11,1,0,38,0,0,19,57,0,0,0,0,0,1,0,0,0,0,33.3,4.33333333333333,6.33333333333333,1
1,7,15.0,0.0,0.0,0.0,0,2,1,0,67,0,0,33,33,1,0,0,0,0,1,0,0,1,0,150.0,7.0,33.0,1
18,74,216.2,72.0,345.6,172.8,0,4,1,0,33,0,0,40,718,0,0,1,0,0,1,0,0,1,0,0.0,4.11111111111111,2.22222222222222,1
30,103,298.0,60.0,279.0,69.8,0,8,1,0,38,0,0,61,1826,0,0,1,0,1,0,1,0,1,0,298279.0,3.43333333333333,2.03333333333333,0
70,157,349.5,210.0,952.0,0.0,0,15,1,0,25,1,0,17,1192,0,0,1,1,0,0,0,1,0,1,349.5952,2.24285714285714,0.242857142857143,1
2,11,21.1,0.0,0.0,0.0,2,2,1,0,47,0,0,19,41,0,0,0,0,0,1,0,0,0,0,21.1,5.5,9.5,1
17,24,85.2,68.0,164.9,33.0,0,10,1,0,28,1,0,27,460,0,0,1,0,0,1,0,0,1,0,0.0,1.41176470588235,1.58823529411765,1
12,56,148.9,48.0,144.0,36.0,0,3,1,0,37,0,0,55,683,0,0,1,0,0,1,0,0,1,0,148.9144,4.66666666666667,4.58333333333333,1
60,230,782.1,180.0,522.0,130.5,2,24,1,0,26,1,0,29,1728,0,0,1,0,1,0,1,0,1,0,782.1522,3.83333333333333,0.483333333333333,1
33,216,425.7,132.0,264.0,66.0,0,4,1,0,61,0,0,24,777,0,0,1,0,1,1,0,0,1,0,425.7264,6.54545454545455,0.727272727272727,1
61,204,428.0,0.0,0.0,0.0,2,0,0,0,47,0,0,13,778,0,0,0,0,0,0,1,0,0,0,4280.0,3.34426229508197,0.213114754098361,1
5,16,44.4,0.0,0.0,0.0,0,8,0,4,40,0,0,30,148,0,0,0,0,0,1,0,0,0,0,44.4,3.2,6.0,1
31,103,277.9,0.0,0.0,0.0,0,10,1,0,27,1,0,35,1088,0,0,0,0,0,1,0,0,1,0,277.9,3.32258064516129,1.12903225806452,1
25,89,222.5,0.0,0.0,133.6,1,5,1,0,60,0,0,29,707,0,0,0,0,0,1,0,0,1,0,222.5,3.56,1.16,1
56,155,393.6,0.0,0.0,0.0,0,6,1,0,48,0,0,39,2214,0,0,0,0,1,0,1,0,0,0,393.6,2.76785714285714,0.696428571428571,1
65,224,458.3,0.0,0.0,0.0,0,15,1,0,28,1,0,28,1850,0,0,0,0,0,0,0,1,0,0,458.3,3.44615384615385,0.430769230769231,1
16,36,97.4,128.0,155.2,0.0,1,0,0,0,41,0,0,10,157,0,0,1,1,0,0,1,0,1,0,0.0,2.25,0.625,1
8,50,120.4,0.0,0.0,0.0,0,5,1,0,50,0,2,14,113,0,1,0,0,0,1,0,0,0,0,120.4,6.25,1.75,1
26,123,256.3,0.0,0.0,0.0,0,11,1,0,32,0,0,33,857,0,0,0,0,0,1,0,0,0,1,256.3,4.73076923076923,1.26923076923077,1
71,186,427.4,284.0,773.9,387.0,0,0,0,0,85,0,0,10,681,1,0,1,0,0,0,0,1,1,0,0.0,2.61971830985915,0.140845070422535,1
45,201,358.8,0.0,0.0,0.0,0,2,1,0,55,0,0,75,3342,0,0,0,0,1,0,1,0,0,0,358.8,4.46666666666667,1.66666666666667,1
24,126,341.0,24.0,237.6,0.0,0,0,0,0,50,0,3,9,231,0,1,1,1,0,0,0,1,0,1,341237.6,5.25,0.375,0
34,149,369.8,0.0,0.0,0.0,0,10,1,0,83,0,0,39,1305,1,0,0,0,1,0,1,0,1,0,369.8,4.38235294117647,1.14705882352941,1
3,19,48.6,0.0,0.0,0.0,0,0,0,0,21,1,0,13,38,0,0,0,0,0,1,0,0,1,0,48.6,6.33333333333333,4.33333333333333,1
13,75,203.3,52.0,132.6,66.3,4,5,1,0,58,0,0,44,564,0,0,1,0,0,1,0,0,0,0,0.0,5.76923076923077,3.38461538461538,1
1,4,10.0,4.0,10.4,3.5,3,2,1,0,72,0,0,30,30,1,0,1,0,0,1,0,0,1,0,1010.4,4.0,30.0,1
53,98,263.9,0.0,0.0,0.0,0,4,0,33,67,0,0,65,3436,1,0,0,0,1,0,1,0,1,0,263.9,1.84905660377358,1.22641509433962,1
52,256,622.0,156.0,691.6,138.3,0,0,0,0,84,0,0,12,614,1,0,1,0,0,0,1,0,1,0,622691.6,4.92307692307692,0.230769230769231,0
72,305,716.5,288.0,460.8,230.4,0,13,1,0,44,0,6,44,3128,0,1,1,0,1,0,0,1,0,0,0.0,4.23611111111111,0.611111111111111,1
74,199,590.7,296.0,740.0,185.0,5,1,1,0,70,0,0,67,4977,1,0,1,0,1,0,0,1,1,0,590.774,2.68918918918919,0.905405405405405,1
6,17,37.9,0.0,0.0,0.0,0,6,1,0,64,0,0,17,108,0,0,0,0,0,1,0,0,0,0,37.9,2.83333333333333,2.83333333333333,1
15,20,59.3,0.0,0.0,0.0,4,2,0,90,73,0,0,59,873,1,0,0,0,1,1,0,0,0,0,59.3,1.33333333333333,3.93333333333333,1
1,2,7.0,0.0,0.0,0.0,3,6,1,0,33,0,0,30,30,0,0,0,0,0,1,0,0,0,1,70.0,2.0,30.0,1
53,165,420.8,0.0,0.0,0.0,0,5,1,0,53,0,5,25,1312,0,1,0,0,1,0,1,0,1,0,420.8,3.11320754716981,0.471698113207547,1
66,427,857.6,396.0,673.2,336.6,0,3,1,0,41,0,0,40,2621,0,0,1,0,1,0,0,1,0,0,0.0,6.46969696969697,0.606060606060606,1
1,5,13.0,4.0,10.0,5.0,1,0,1,0,41,0,0,19,19,0,0,1,0,0,1,0,0,1,0,1310.0,5.0,19.0,1
70,313,986.0,0.0,0.0,0.0,0,10,1,0,50,0,5,22,1580,0,1,0,0,1,0,1,0,1,0,9860.0,4.47142857142857,0.314285714285714,1
3,19,44.4,12.0,28.2,9.4,1,0,0,0,26,1,0,7,21,0,0,1,0,0,1,0,0,1,0,0.0,6.33333333333333,2.33333333333333,1
19,114,299.3,0.0,0.0,8.0,1,9,1,0,56,0,0,54,1002,0,0,0,0,1,1,0,0,0,0,299.3,6.0,2.84210526315789,1
32,64,225.0,32.0,400.0,133.3,0,0,0,0,58,0,0,15,467,0,0,1,0,0,0,0,1,0,0,225400.0,2.0,0.46875,0
16,83,220.1,44.0,150.7,37.7,1,6,1,0,71,0,0,43,676,1,0,1,0,0,1,0,0,1,0,0.0,5.1875,2.6875,1
21,64,166.7,0.0,0.0,14.9,3,20,0,40,24,1,0,61,1277,0,0,0,0,1,1,0,0,1,0,166.7,3.04761904761905,2.9047619047619,1
22,124,266.1,0.0,0.0,0.0,0,0,1,0,75,0,0,18,392,1,0,0,0,0,1,0,0,1,0,266.1,5.63636363636364,0.818181818181818,1
66,169,526.4,528.0,778.8,0.0,0,10,1,0,27,1,0,49,3221,0,0,1,1,1,0,0,1,1,0,0.0,2.56060606060606,0.742424242424242,1
7,29,94.4,0.0,0.0,0.0,3,1,0,5,59,0,0,63,424,0,0,0,0,0,1,0,0,1,0,94.4,4.14285714285714,9.0,1
43,214,646.6,0.0,0.0,0.0,1,2,1,0,65,0,0,33,1409,1,0,0,0,1,1,0,0,1,0,646.6,4.97674418604651,0.767441860465116,1
1,4,9.0,0.0,0.0,0.0,2,0,0,0,44,0,0,9,9,0,0,0,1,0,1,0,0,0,1,90.0,4.0,9.0,1
70,170,557.1,0.0,0.0,0.0,0,0,0,0,41,0,0,9,616,0,0,0,0,0,0,0,1,1,0,557.1,2.42857142857143,0.128571428571429,1
1,4,11.0,0.0,0.0,187.0,2,13,1,0,21,1,0,26,26,0,0,0,0,0,1,0,0,0,0,110.0,4.0,26.0,1
65,257,653.5,0.0,0.0,0.0,1,3,1,0,47,0,0,48,3166,0,0,0,0,1,1,0,0,1,0,653.5,3.95384615384615,0.738461538461539,1
43,58,214.0,0.0,0.0,0.0,2,10,1,0,26,1,5,26,1098,0,1,0,0,0,1,0,0,1,0,2140.0,1.34883720930233,0.604651162790698,1
2,9,21.1,6.0,23.0,4.6,0,5,1,0,30,0,6,13,27,0,1,1,0,0,1,0,0,0,1,21.123,4.5,6.5,1
56,125,336.2,0.0,0.0,0.0,0,11,1,0,42,0,2,38,2128,0,1,0,0,0,1,0,0,0,0,336.2,2.23214285714286,0.678571428571429,1
46,94,229.0,0.0,0.0,0.0,0,3,1,0,55,0,0,62,2861,0,0,0,0,1,1,0,0,1,0,2290.0,2.04347826086957,1.34782608695652,1
50,235,351.9,200.0,685.0,137.0,0,26,1,0,22,1,0,37,1873,0,0,1,0,1,0,0,1,0,0,351.9685,4.7,0.74,1
55,130,387.4,275.0,594.0,297.0,3,2,1,0,85,0,0,39,2186,1,0,1,0,1,0,0,1,1,0,387.4594,2.36363636363636,0.709090909090909,1
42,195,457.2,0.0,0.0,0.0,0,4,1,0,54,0,0,62,2556,0,0,0,0,0,0,1,0,0,0,457.2,4.64285714285714,1.47619047619048,1
67,128,334.3,0.0,0.0,0.0,0,26,1,0,29,1,4,18,1200,0,1,0,0,1,0,0,1,0,0,334.3,1.91044776119403,0.26865671641791,1
32,159,384.6,128.0,236.8,0.0,2,23,1,0,26,1,0,40,1290,0,0,1,1,0,0,1,0,0,0,0.0,4.96875,1.25,1
64,215,509.7,0.0,0.0,0.0,0,0,0,0,51,0,2,10,658,0,1,0,0,0,0,0,1,0,1,509.7,3.359375,0.15625,1
30,119,418.0,0.0,0.0,0.0,0,3,1,0,35,0,2,30,903,0,1,0,0,0,1,0,0,0,0,4180.0,3.96666666666667,1.0,1
1,5,12.0,4.0,12.8,4.3,2,3,1,0,43,0,0,26,26,0,0,1,0,0,1,0,0,0,1,1212.8,5.0,26.0,1
48,60,192.6,0.0,0.0,0.0,0,26,0,57,22,1,0,31,1509,0,0,0,0,0,0,0,1,0,0,192.6,1.25,0.645833333333333,1
59,127,354.5,0.0,0.0,0.0,0,3,1,0,64,0,0,51,3012,0,0,0,0,0,1,0,0,1,0,354.5,2.15254237288136,0.864406779661017,1
25,88,177.6,75.0,232.5,116.3,2,4,1,0,46,0,0,21,541,0,0,1,0,1,1,0,0,0,0,0.0,3.52,0.84,1
4,12,41.6,20.0,53.6,13.4,1,0,0,0,42,0,4,8,32,0,1,1,0,0,1,0,0,0,1,0.0,3.0,2.0,1
1,2,4.0,0.0,0.0,9.2,1,14,1,0,55,0,0,46,46,0,0,0,0,0,1,0,0,1,0,40.0,2.0,46.0,1
2,12,30.1,8.0,27.2,9.1,4,5,1,0,28,1,0,21,48,0,0,1,0,0,1,0,0,0,0,0.0,6.0,10.5,1
59,142,356.4,0.0,0.0,0.0,0,2,1,0,42,0,0,52,3088,0,0,0,0,1,0,1,0,0,0,356.4,2.40677966101695,0.88135593220339,1
42,228,422.5,252.0,457.8,152.6,0,4,1,0,44,0,0,46,1942,0,0,1,0,0,1,0,0,1,0,0.0,5.42857142857143,1.0952380952381,1
36,233,572.2,0.0,0.0,0.0,0,0,0,0,39,0,2,7,262,0,1,0,0,0,0,0,1,1,0,572.2,6.47222222222222,0.194444444444444,1
38,238,569.9,0.0,0.0,0.0,0,6,0,55,55,0,0,31,1174,0,0,0,0,1,1,0,0,1,0,569.9,6.26315789473684,0.815789473684211,1
51,255,565.7,0.0,0.0,0.0,0,8,1,0,23,1,0,25,1271,0,0,0,0,0,1,0,0,1,0,565.7,5.0,0.490196078431373,1
42,108,211.0,0.0,0.0,0.0,1,0,0,0,62,0,0,10,421,0,0,0,0,0,0,1,0,1,0,2110.0,2.57142857142857,0.238095238095238,1
31,87,277.9,0.0,0.0,0.0,0,0,0,0,21,1,0,11,345,0,0,0,0,0,0,1,0,0,0,277.9,2.80645161290323,0.354838709677419,1
7,12,29.5,14.0,81.2,16.2,0,2,0,4,46,0,0,17,125,0,0,1,0,0,1,0,0,0,0,0.0,1.71428571428571,2.42857142857143,1
18,71,144.0,0.0,0.0,0.0,0,14,1,0,48,0,4,22,393,0,1,0,0,0,1,0,0,1,0,1440.0,3.94444444444444,1.22222222222222,1
49,247,538.7,0.0,0.0,0.0,1,9,1,0,34,0,6,31,1501,0,1,0,0,1,1,0,0,1,0,538.7,5.04081632653061,0.63265306122449,1
18,19,70.0,0.0,0.0,0.0,1,20,1,0,27,1,2,20,345,0,1,0,0,1,0,1,0,0,0,700.0,1.05555555555556,1.11111111111111,1
30,105,211.4,0.0,0.0,0.0,3,6,1,0,42,0,0,30,904,0,0,0,0,0,1,0,0,1,0,211.4,3.5,1.0,1
48,238,675.5,0.0,0.0,0.0,2,17,1,0,19,1,0,27,1288,0,0,0,0,0,1,0,0,1,0,675.5,4.95833333333333,0.5625,1
69,347,755.0,276.0,386.4,193.2,0,0,0,0,53,0,0,14,943,0,0,1,0,0,0,0,1,0,0,755386.4,5.02898550724638,0.202898550724638,0
2,6,15.9,8.0,31.2,15.6,0,3,1,0,37,0,0,20,35,0,0,1,0,0,1,0,0,0,0,0.0,3.0,10.0,1
30,116,213.3,180.0,255.0,51.0,2,6,1,0,36,0,0,34,1043,0,0,1,0,0,1,0,0,0,0,213.3255,3.86666666666667,1.13333333333333,1
6,7,22.5,0.0,0.0,0.0,2,26,0,0,24,1,6,24,137,0,1,0,0,0,1,0,0,0,0,22.5,1.16666666666667,4.0,1
47,261,702.4,0.0,0.0,0.0,0,1,1,0,59,0,0,38,1792,0,0,0,0,1,0,1,0,1,0,702.4,5.5531914893617,0.808510638297872,1
1,4,15.0,0.0,0.0,0.0,5,0,0,0,43,0,0,8,8,0,0,0,0,0,1,0,0,0,1,150.0,4.0,8.0,1
1,4,10.0,0.0,0.0,16.8,3,1,1,0,47,0,0,50,50,0,0,0,0,0,1,0,0,1,0,100.0,4.0,50.0,1
64,503,891.0,0.0,0.0,0.0,0,16,1,0,33,0,0,41,2587,0,0,0,0,1,0,1,0,1,0,8910.0,7.859375,0.640625,1
43,217,564.5,172.0,382.7,76.5,0,4,1,0,58,0,0,45,1933,0,0,1,0,1,1,0,0,0,0,0.0,5.04651162790698,1.04651162790698,1
1,2,6.0,0.0,0.0,0.0,0,5,1,0,34,0,0,39,39,0,0,0,0,0,1,0,0,0,0,60.0,2.0,39.0,1
11,14,43.3,55.0,91.3,30.4,0,4,1,0,55,0,0,32,347,0,0,1,0,0,1,0,0,1,0,0.0,1.27272727272727,2.90909090909091,1
73,160,367.1,0.0,0.0,0.0,1,7,1,0,59,0,2,33,2446,0,1,0,0,1,0,0,1,1,0,367.1,2.19178082191781,0.452054794520548,1
53,277,740.2,0.0,0.0,0.0,2,3,1,0,60,0,0,63,3356,0,0,0,0,1,0,1,0,1,0,740.2,5.22641509433962,1.18867924528302,1
30,92,274.4,0.0,0.0,0.0,0,3,1,0,34,0,0,32,968,0,0,0,0,0,0,0,1,1,0,274.4,3.06666666666667,1.06666666666667,1
14,51,214.9,56.0,145.6,48.5,4,10,1,0,45,0,5,34,484,0,1,1,0,0,1,0,0,1,0,0.0,3.64285714285714,2.42857142857143,1
2,6,16.6,12.0,31.8,15.9,5,2,1,0,62,0,0,32,66,0,0,1,0,0,1,0,0,1,0,0.0,3.0,16.0,1
3,12,26.1,12.0,26.7,5.3,1,6,1,0,55,0,0,38,109,0,0,1,0,1,1,0,0,0,1,0.0,4.0,12.6666666666667,1
14,61,148.8,154.0,142.8,47.6,2,1,1,0,33,0,0,21,278,0,0,1,0,0,0,1,0,1,0,0.0,4.35714285714286,1.5,1
30,113,366.0,0.0,0.0,0.0,5,6,0,25,72,0,0,39,1179,1,0,0,0,1,1,0,0,1,0,3660.0,3.76666666666667,1.3,1
46,59,184.7,0.0,0.0,0.0,0,1,1,0,56,0,0,21,992,0,0,0,0,1,0,1,0,1,0,184.7,1.28260869565217,0.456521739130435,1
48,274,671.8,144.0,302.4,151.2,0,0,0,0,25,1,6,9,430,0,1,1,0,0,0,0,1,0,0,0.0,5.70833333333333,0.1875,1
1,8,14.0,3.0,11.1,0.0,0,10,1,0,21,1,0,26,26,0,0,1,1,0,1,0,0,1,0,1411.1,8.0,26.0,1
26,64,103.0,0.0,0.0,0.0,2,6,1,0,67,0,2,36,927,1,1,0,0,1,0,0,1,1,0,1030.0,2.46153846153846,1.38461538461538,1
4,23,56.6,0.0,0.0,0.0,0,10,1,0,49,0,0,27,118,0,0,0,0,0,1,0,0,1,0,56.6,5.75,6.75,1
45,270,674.9,180.0,535.5,107.1,0,5,1,0,56,0,3,21,937,0,1,1,0,1,0,1,0,0,0,0.0,6.0,0.466666666666667,1
27,168,406.8,0.0,0.0,0.0,0,29,0,21,72,0,6,13,354,1,1,0,0,0,0,1,0,1,0,406.8,6.22222222222222,0.481481481481481,1
61,211,484.6,0.0,0.0,0.0,0,6,1,0,49,0,0,32,1956,0,0,0,0,1,0,0,1,1,0,484.6,3.45901639344262,0.524590163934426,1
48,337,571.2,0.0,0.0,0.0,2,6,1,0,32,0,0,37,1764,0,0,0,0,1,0,1,0,1,0,571.2,7.02083333333333,0.770833333333333,1
2,18,33.3,0.0,0.0,0.0,0,1,1,0,76,0,0,37,82,1,0,0,0,0,0,0,1,1,0,33.3,9.0,18.5,1
46,178,371.7,0.0,0.0,0.0,0,4,1,0,31,0,2,29,1356,0,1,0,0,1,0,0,1,0,0,371.7,3.8695652173913,0.630434782608696,1
71,256,495.1,0.0,0.0,0.0,1,2,1,0,43,0,0,29,2071,0,0,0,0,1,0,0,1,0,0,495.1,3.6056338028169,0.408450704225352,1
27,173,429.3,0.0,0.0,0.0,1,3,1,0,30,0,0,39,1047,0,0,0,0,0,0,1,0,1,0,429.3,6.40740740740741,1.44444444444444,1
41,294,648.7,0.0,0.0,0.0,0,11,1,0,59,0,2,40,1623,0,1,0,0,1,1,0,0,1,0,648.7,7.17073170731707,0.975609756097561,1
52,77,259.4,208.0,722.8,361.4,0,3,1,0,42,0,0,35,1813,0,0,1,0,0,0,0,1,1,0,0.0,1.48076923076923,0.673076923076923,1
13,57,177.3,0.0,0.0,0.0,5,4,1,0,45,0,0,39,494,0,0,0,0,1,1,0,0,1,0,177.3,4.38461538461539,3.0,1
1,5,13.0,11.0,11.9,0.0,0,1,1,0,43,0,0,17,17,0,0,1,1,0,1,0,0,1,0,1311.9,5.0,17.0,0
12,57,118.9,0.0,0.0,0.0,1,2,1,0,44,0,0,33,394,0,0,0,0,0,1,0,0,1,0,118.9,4.75,2.75,1
17,78,239.7,0.0,0.0,0.0,0,5,1,0,32,0,0,28,476,0,0,0,0,1,0,1,0,1,0,239.7,4.58823529411765,1.64705882352941,1
27,55,134.8,0.0,0.0,0.0,1,0,0,0,58,0,2,10,269,0,1,0,0,0,0,1,0,0,1,134.8,2.03703703703704,0.37037037037037,1
14,66,203.2,0.0,0.0,0.0,0,4,1,0,63,0,2,19,259,0,1,0,0,0,0,1,0,1,0,203.2,4.71428571428571,1.35714285714286,1
51,128,406.3,204.0,530.4,106.1,0,0,0,0,39,0,5,8,386,0,1,1,0,0,0,1,0,0,0,0.0,2.50980392156863,0.156862745098039,1
1,2,5.0,0.0,0.0,0.0,0,0,0,0,25,1,0,11,11,0,0,0,0,0,1,0,0,0,0,50.0,2.0,11.0,1
5,34,63.4,0.0,0.0,0.0,1,0,0,0,43,0,0,13,60,0,0,0,0,0,1,0,0,1,0,63.4,6.8,2.6,1
21,112,230.4,0.0,0.0,0.0,0,7,1,0,36,0,6,20,429,0,1,0,0,1,0,0,1,0,0,230.4,5.33333333333333,0.952380952380952,1
10,26,59.9,0.0,0.0,0.0,0,7,1,0,42,0,0,34,336,0,0,0,0,0,1,0,0,1,0,59.9,2.6,3.4,1
32,75,190.2,0.0,0.0,0.0,0,8,1,0,77,0,0,35,1096,1,0,0,0,1,0,0,1,1,0,190.2,2.34375,1.09375,1
48,253,580.4,192.0,542.4,180.8,0,26,1,0,24,1,0,52,2513,0,0,1,0,0,1,0,0,0,0,0.0,5.27083333333333,1.08333333333333,1
27,111,302.1,0.0,0.0,0.0,0,0,0,0,27,1,0,12,334,0,0,0,0,0,1,0,0,0,0,302.1,4.11111111111111,0.444444444444444,1
27,190,430.1,0.0,0.0,0.0,0,15,1,0,27,1,0,34,925,0,0,0,1,1,1,0,0,1,0,430.1,7.03703703703704,1.25925925925926,1
